portfolio_id,client_name,risk_category,portfolio_value,current_allocation,target_allocation
WP-1001,Riya Kapoor,Conservative,37098928,"{'Equity': 0.14, 'Debt': 0.73, 'Gold': 0.13}","{'Equity': 0.2, 'Debt': 0.65, 'Gold': 0.15}"
WP-1002,Ananya Nair,Conservative,40900793,"{'Equity': 0.24, 'Debt': 0.67, 'Gold': 0.09}","{'Equity': 0.2, 'Debt': 0.65, 'Gold': 0.15}"
WP-1003,Arjun Verma,Conservative,30645908,"{'Equity': 0.2, 'Debt': 0.64, 'Gold': 0.17}","{'Equity': 0.2, 'Debt': 0.65, 'Gold': 0.15}"
WP-1004,Vikram Gupta,Aggressive,28861172,"{'Equity': 0.81, 'Debt': 0.1, 'Gold': 0.08}","{'Equity': 0.9, 'Debt': 0.05, 'Gold': 0.05}"
WP-1005,Riya Patel,Moderate,25996489,"{'Equity': 0.59, 'Debt': 0.26, 'Gold': 0.15}","{'Equity': 0.6, 'Debt': 0.3, 'Gold': 0.1}"
WP-1006,Amit Gupta,Conservative,31331481,"{'Equity': 0.2, 'Debt': 0.68, 'Gold': 0.12}","{'Equity': 0.2, 'Debt': 0.65, 'Gold': 0.15}"
WP-1007,Karan Yadav,Aggressive,42687302,"{'Equity': 0.89, 'Debt': 0.13, 'Gold': -0.02}","{'Equity': 0.9, 'Debt': 0.05, 'Gold': 0.05}"
WP-1008,Neha Sharma,Aggressive,44876630,"{'Equity': 0.97, 'Debt': 0.03, 'Gold': 0.0}","{'Equity': 0.9, 'Debt': 0.05, 'Gold': 0.05}"
WP-1009,Riya Das,Moderately Conservative,19154492,"{'Equity': 0.37, 'Debt': 0.45, 'Gold': 0.18}","{'Equity': 0.4, 'Debt': 0.45, 'Gold': 0.15}"
WP-1010,Rohan Kapoor,Moderately Aggressive,18416578,"{'Equity': 0.79, 'Debt': 0.13, 'Gold': 0.08}","{'Equity': 0.75, 'Debt': 0.15, 'Gold': 0.1}"
WP-1011,Vikram Mishra,Conservative,25964823,"{'Equity': 0.22, 'Debt': 0.59, 'Gold': 0.19}","{'Equity': 0.2, 'Debt': 0.65, 'Gold': 0.15}"
WP-1012,Rakesh Yadav,Moderate,4253932,"{'Equity': 0.61, 'Debt': 0.29, 'Gold': 0.1}","{'Equity': 0.6, 'Debt': 0.3, 'Gold': 0.1}"
WP-1013,Neha Verma,Moderately Conservative,38562808,"{'Equity': 0.42, 'Debt': 0.46, 'Gold': 0.12}","{'Equity': 0.4, 'Debt': 0.45, 'Gold': 0.15}"
WP-1014,Nikhil Singh,Moderate,18275807,"{'Equity': 0.54, 'Debt': 0.3, 'Gold': 0.16}","{'Equity': 0.6, 'Debt': 0.3, 'Gold': 0.1}"
WP-1015,Ayesha Das,Moderately Conservative,39660231,"{'Equity': 0.39, 'Debt': 0.49, 'Gold': 0.12}","{'Equity': 0.4, 'Debt': 0.45, 'Gold': 0.15}"
WP-1016,Suresh Patel,Moderately Aggressive,3661926,"{'Equity': 0.73, 'Debt': 0.23, 'Gold': 0.04}","{'Equity': 0.75, 'Debt': 0.15, 'Gold': 0.1}"
WP-1017,Ritu Patel,Conservative,26321297,"{'Equity': 0.15, 'Debt': 0.65, 'Gold': 0.2}","{'Equity': 0.2, 'Debt': 0.65, 'Gold': 0.15}"
WP-1018,Divya Yadav,Moderately Aggressive,1270478,"{'Equity': 0.79, 'Debt': 0.14, 'Gold': 0.06}","{'Equity': 0.75, 'Debt': 0.15, 'Gold': 0.1}"
WP-1019,Rakesh Patel,Conservative,20196460,"{'Equity': 0.23, 'Debt': 0.66, 'Gold': 0.11}","{'Equity': 0.2, 'Debt': 0.65, 'Gold': 0.15}"
WP-1020,Priya Nair,Moderately Aggressive,12489124,"{'Equity': 0.77, 'Debt': 0.08, 'Gold': 0.15}","{'Equity': 0.75, 'Debt': 0.15, 'Gold': 0.1}"
WP-1021,Ankit Joshi,Aggressive,13848698,"{'Equity': 0.88, 'Debt': 0.1, 'Gold': 0.02}","{'Equity': 0.9, 'Debt': 0.05, 'Gold': 0.05}"
WP-1022,Ankit Sahoo,Moderately Conservative,538379,"{'Equity': 0.38, 'Debt': 0.4, 'Gold': 0.22}","{'Equity': 0.4, 'Debt': 0.45, 'Gold': 0.15}"
WP-1023,Karan Verma,Aggressive,4387292,"{'Equity': 0.91, 'Debt': -0.03, 'Gold': 0.12}","{'Equity': 0.9, 'Debt': 0.05, 'Gold': 0.05}"
WP-1024,Suresh Yadav,Moderately Conservative,5144773,"{'Equity': 0.43, 'Debt': 0.49, 'Gold': 0.08}","{'Equity': 0.4, 'Debt': 0.45, 'Gold': 0.15}"
WP-1025,Divya Singh,Aggressive,18287649,"{'Equity': 0.96, 'Debt': -0.01, 'Gold': 0.05}","{'Equity': 0.9, 'Debt': 0.05, 'Gold': 0.05}"
WP-1026,Divya Jain,Aggressive,49484844,"{'Equity': 0.96, 'Debt': 0.04, 'Gold': 0.0}","{'Equity': 0.9, 'Debt': 0.05, 'Gold': 0.05}"
WP-1027,Pooja Mishra,Moderately Conservative,35233926,"{'Equity': 0.41, 'Debt': 0.41, 'Gold': 0.17}","{'Equity': 0.4, 'Debt': 0.45, 'Gold': 0.15}"
WP-1028,Ayesha Nair,Moderately Aggressive,15942738,"{'Equity': 0.79, 'Debt': 0.13, 'Gold': 0.08}","{'Equity': 0.75, 'Debt': 0.15, 'Gold': 0.1}"
WP-1029,Ananya Patel,Aggressive,2608087,"{'Equity': 0.95, 'Debt': -0.02, 'Gold': 0.08}","{'Equity': 0.9, 'Debt': 0.05, 'Gold': 0.05}"
WP-1030,Rohan Nair,Moderate,9379297,"{'Equity': 0.58, 'Debt': 0.28, 'Gold': 0.14}","{'Equity': 0.6, 'Debt': 0.3, 'Gold': 0.1}"
WP-1031,Arjun Verma,Aggressive,6830097,"{'Equity': 0.94, 'Debt': 0.01, 'Gold': 0.05}","{'Equity': 0.9, 'Debt': 0.05, 'Gold': 0.05}"
WP-1032,Amit Kapoor,Conservative,44352655,"{'Equity': 0.23, 'Debt': 0.63, 'Gold': 0.14}","{'Equity': 0.2, 'Debt': 0.65, 'Gold': 0.15}"
WP-1033,Riya Verma,Conservative,13357392,"{'Equity': 0.13, 'Debt': 0.68, 'Gold': 0.2}","{'Equity': 0.2, 'Debt': 0.65, 'Gold': 0.15}"
WP-1034,Nikhil Verma,Moderately Conservative,5558994,"{'Equity': 0.46, 'Debt': 0.43, 'Gold': 0.11}","{'Equity': 0.4, 'Debt': 0.45, 'Gold': 0.15}"
WP-1035,Divya Yadav,Moderately Aggressive,1490382,"{'Equity': 0.76, 'Debt': 0.2, 'Gold': 0.04}","{'Equity': 0.75, 'Debt': 0.15, 'Gold': 0.1}"
WP-1036,Suresh Mishra,Conservative,14844338,"{'Equity': 0.25, 'Debt': 0.66, 'Gold': 0.09}","{'Equity': 0.2, 'Debt': 0.65, 'Gold': 0.15}"
WP-1037,Meera Reddy,Moderately Aggressive,31035094,"{'Equity': 0.87, 'Debt': 0.11, 'Gold': 0.02}","{'Equity': 0.75, 'Debt': 0.15, 'Gold': 0.1}"
WP-1038,Divya Kapoor,Moderate,48711563,"{'Equity': 0.52, 'Debt': 0.32, 'Gold': 0.16}","{'Equity': 0.6, 'Debt': 0.3, 'Gold': 0.1}"
WP-1039,Ayesha Gupta,Moderately Aggressive,36886104,"{'Equity': 0.7, 'Debt': 0.12, 'Gold': 0.17}","{'Equity': 0.75, 'Debt': 0.15, 'Gold': 0.1}"
WP-1040,Ankit Sahoo,Conservative,36143271,"{'Equity': 0.24, 'Debt': 0.59, 'Gold': 0.16}","{'Equity': 0.2, 'Debt': 0.65, 'Gold': 0.15}"
WP-1041,Neha Joshi,Moderately Conservative,5060776,"{'Equity': 0.33, 'Debt': 0.45, 'Gold': 0.21}","{'Equity': 0.4, 'Debt': 0.45, 'Gold': 0.15}"
WP-1042,Ayesha Joshi,Moderately Conservative,3167017,"{'Equity': 0.36, 'Debt': 0.49, 'Gold': 0.15}","{'Equity': 0.4, 'Debt': 0.45, 'Gold': 0.15}"
WP-1043,Rakesh Sahoo,Aggressive,17999689,"{'Equity': 0.86, 'Debt': 0.08, 'Gold': 0.06}","{'Equity': 0.9, 'Debt': 0.05, 'Gold': 0.05}"
WP-1044,Sneha Kapoor,Moderately Conservative,43818824,"{'Equity': 0.45, 'Debt': 0.44, 'Gold': 0.11}","{'Equity': 0.4, 'Debt': 0.45, 'Gold': 0.15}"
WP-1045,Rahul Mishra,Moderate,42185291,"{'Equity': 0.52, 'Debt': 0.33, 'Gold': 0.15}","{'Equity': 0.6, 'Debt': 0.3, 'Gold': 0.1}"
WP-1046,Priya Singh,Aggressive,23921586,"{'Equity': 1.02, 'Debt': -0.02, 'Gold': 0.0}","{'Equity': 0.9, 'Debt': 0.05, 'Gold': 0.05}"
WP-1047,Divya Gupta,Conservative,20801581,"{'Equity': 0.26, 'Debt': 0.64, 'Gold': 0.1}","{'Equity': 0.2, 'Debt': 0.65, 'Gold': 0.15}"
WP-1048,Divya Reddy,Aggressive,45019263,"{'Equity': 0.87, 'Debt': 0.09, 'Gold': 0.04}","{'Equity': 0.9, 'Debt': 0.05, 'Gold': 0.05}"
WP-1049,Riya Gupta,Conservative,37626210,"{'Equity': 0.28, 'Debt': 0.62, 'Gold': 0.09}","{'Equity': 0.2, 'Debt': 0.65, 'Gold': 0.15}"
WP-1050,Rohan Kapoor,Moderately Conservative,43062988,"{'Equity': 0.36, 'Debt': 0.47, 'Gold': 0.18}","{'Equity': 0.4, 'Debt': 0.45, 'Gold': 0.15}"
WP-1051,Amit Patel,Moderate,43066108,"{'Equity': 0.58, 'Debt': 0.25, 'Gold': 0.17}","{'Equity': 0.6, 'Debt': 0.3, 'Gold': 0.1}"
WP-1052,Sneha Kapoor,Moderately Aggressive,18079520,"{'Equity': 0.84, 'Debt': 0.08, 'Gold': 0.07}","{'Equity': 0.75, 'Debt': 0.15, 'Gold': 0.1}"
WP-1053,Rahul Patel,Moderately Conservative,5549529,"{'Equity': 0.42, 'Debt': 0.44, 'Gold': 0.13}","{'Equity': 0.4, 'Debt': 0.45, 'Gold': 0.15}"
WP-1054,Sneha Das,Moderately Conservative,9052724,"{'Equity': 0.38, 'Debt': 0.47, 'Gold': 0.15}","{'Equity': 0.4, 'Debt': 0.45, 'Gold': 0.15}"
WP-1055,Amit Sahoo,Conservative,24512171,"{'Equity': 0.16, 'Debt': 0.66, 'Gold': 0.19}","{'Equity': 0.2, 'Debt': 0.65, 'Gold': 0.15}"
WP-1056,Divya Sahoo,Moderately Conservative,27771524,"{'Equity': 0.41, 'Debt': 0.46, 'Gold': 0.12}","{'Equity': 0.4, 'Debt': 0.45, 'Gold': 0.15}"
WP-1057,Vikram Jain,Aggressive,12381783,"{'Equity': 0.88, 'Debt': 0.11, 'Gold': 0.01}","{'Equity': 0.9, 'Debt': 0.05, 'Gold': 0.05}"
WP-1058,Arjun Jain,Moderately Aggressive,45456706,"{'Equity': 0.72, 'Debt': 0.2, 'Gold': 0.08}","{'Equity': 0.75, 'Debt': 0.15, 'Gold': 0.1}"
WP-1059,Amit Yadav,Moderately Conservative,32087472,"{'Equity': 0.38, 'Debt': 0.53, 'Gold': 0.09}","{'Equity': 0.4, 'Debt': 0.45, 'Gold': 0.15}"
WP-1060,Ananya Verma,Moderately Conservative,2088093,"{'Equity': 0.35, 'Debt': 0.52, 'Gold': 0.13}","{'Equity': 0.4, 'Debt': 0.45, 'Gold': 0.15}"
WP-1061,Priya Pradhan,Moderately Conservative,43549110,"{'Equity': 0.44, 'Debt': 0.47, 'Gold': 0.09}","{'Equity': 0.4, 'Debt': 0.45, 'Gold': 0.15}"
WP-1062,Rahul Patel,Aggressive,18029855,"{'Equity': 0.82, 'Debt': 0.12, 'Gold': 0.06}","{'Equity': 0.9, 'Debt': 0.05, 'Gold': 0.05}"
WP-1063,Ritu Das,Moderately Conservative,23698669,"{'Equity': 0.4, 'Debt': 0.52, 'Gold': 0.08}","{'Equity': 0.4, 'Debt': 0.45, 'Gold': 0.15}"
WP-1064,Ayesha Verma,Moderate,17594138,"{'Equity': 0.58, 'Debt': 0.38, 'Gold': 0.04}","{'Equity': 0.6, 'Debt': 0.3, 'Gold': 0.1}"
WP-1065,Divya Kapoor,Conservative,48780129,"{'Equity': 0.23, 'Debt': 0.56, 'Gold': 0.22}","{'Equity': 0.2, 'Debt': 0.65, 'Gold': 0.15}"
WP-1066,Rakesh Joshi,Moderately Conservative,21566522,"{'Equity': 0.4, 'Debt': 0.4, 'Gold': 0.19}","{'Equity': 0.4, 'Debt': 0.45, 'Gold': 0.15}"
WP-1067,Arjun Pradhan,Conservative,27504632,"{'Equity': 0.24, 'Debt': 0.63, 'Gold': 0.12}","{'Equity': 0.2, 'Debt': 0.65, 'Gold': 0.15}"
WP-1068,Meera Kapoor,Moderate,12178777,"{'Equity': 0.62, 'Debt': 0.25, 'Gold': 0.13}","{'Equity': 0.6, 'Debt': 0.3, 'Gold': 0.1}"
WP-1069,Karan Reddy,Aggressive,14605121,"{'Equity': 0.88, 'Debt': 0.03, 'Gold': 0.1}","{'Equity': 0.9, 'Debt': 0.05, 'Gold': 0.05}"
WP-1070,Nikhil Mishra,Moderately Aggressive,45840576,"{'Equity': 0.77, 'Debt': 0.16, 'Gold': 0.07}","{'Equity': 0.75, 'Debt': 0.15, 'Gold': 0.1}"
WP-1071,Vikram Kapoor,Moderately Conservative,6190532,"{'Equity': 0.36, 'Debt': 0.45, 'Gold': 0.2}","{'Equity': 0.4, 'Debt': 0.45, 'Gold': 0.15}"
WP-1072,Ananya Kapoor,Moderate,21331897,"{'Equity': 0.61, 'Debt': 0.32, 'Gold': 0.07}","{'Equity': 0.6, 'Debt': 0.3, 'Gold': 0.1}"
WP-1073,Suresh Joshi,Moderately Conservative,5387419,"{'Equity': 0.49, 'Debt': 0.42, 'Gold': 0.09}","{'Equity': 0.4, 'Debt': 0.45, 'Gold': 0.15}"
WP-1074,Meera Mishra,Moderately Aggressive,27320249,"{'Equity': 0.77, 'Debt': 0.18, 'Gold': 0.05}","{'Equity': 0.75, 'Debt': 0.15, 'Gold': 0.1}"
WP-1075,Riya Jain,Moderately Conservative,29031078,"{'Equity': 0.33, 'Debt': 0.47, 'Gold': 0.2}","{'Equity': 0.4, 'Debt': 0.45, 'Gold': 0.15}"
WP-1076,Amit Nair,Moderately Conservative,17223413,"{'Equity': 0.34, 'Debt': 0.51, 'Gold': 0.15}","{'Equity': 0.4, 'Debt': 0.45, 'Gold': 0.15}"
WP-1077,Divya Joshi,Conservative,21793505,"{'Equity': 0.18, 'Debt': 0.65, 'Gold': 0.17}","{'Equity': 0.2, 'Debt': 0.65, 'Gold': 0.15}"
WP-1078,Divya Mishra,Moderately Aggressive,11180906,"{'Equity': 0.73, 'Debt': 0.18, 'Gold': 0.09}","{'Equity': 0.75, 'Debt': 0.15, 'Gold': 0.1}"
WP-1079,Priya Jain,Moderately Aggressive,35483838,"{'Equity': 0.69, 'Debt': 0.18, 'Gold': 0.14}","{'Equity': 0.75, 'Debt': 0.15, 'Gold': 0.1}"
WP-1080,Karan Verma,Moderately Aggressive,18734492,"{'Equity': 0.85, 'Debt': 0.12, 'Gold': 0.03}","{'Equity': 0.75, 'Debt': 0.15, 'Gold': 0.1}"
WP-1081,Ananya Das,Moderate,47070183,"{'Equity': 0.62, 'Debt': 0.34, 'Gold': 0.04}","{'Equity': 0.6, 'Debt': 0.3, 'Gold': 0.1}"
WP-1082,Divya Mishra,Moderately Conservative,28402136,"{'Equity': 0.45, 'Debt': 0.4, 'Gold': 0.15}","{'Equity': 0.4, 'Debt': 0.45, 'Gold': 0.15}"
WP-1083,Ayesha Gupta,Conservative,1810767,"{'Equity': 0.15, 'Debt': 0.64, 'Gold': 0.21}","{'Equity': 0.2, 'Debt': 0.65, 'Gold': 0.15}"
WP-1084,Meera Yadav,Aggressive,28620042,"{'Equity': 1.0, 'Debt': -0.03, 'Gold': 0.03}","{'Equity': 0.9, 'Debt': 0.05, 'Gold': 0.05}"
WP-1085,Ananya Mishra,Aggressive,15225136,"{'Equity': 0.88, 'Debt': 0.06, 'Gold': 0.07}","{'Equity': 0.9, 'Debt': 0.05, 'Gold': 0.05}"
WP-1086,Meera Gupta,Moderate,11575964,"{'Equity': 0.67, 'Debt': 0.25, 'Gold': 0.08}","{'Equity': 0.6, 'Debt': 0.3, 'Gold': 0.1}"
WP-1087,Meera Joshi,Moderately Aggressive,38375704,"{'Equity': 0.71, 'Debt': 0.2, 'Gold': 0.09}","{'Equity': 0.75, 'Debt': 0.15, 'Gold': 0.1}"
WP-1088,Vikram Sharma,Conservative,17958794,"{'Equity': 0.13, 'Debt': 0.65, 'Gold': 0.21}","{'Equity': 0.2, 'Debt': 0.65, 'Gold': 0.15}"
WP-1089,Meera Reddy,Moderately Aggressive,28790736,"{'Equity': 0.77, 'Debt': 0.15, 'Gold': 0.08}","{'Equity': 0.75, 'Debt': 0.15, 'Gold': 0.1}"
WP-1090,Amit Pradhan,Moderate,15547294,"{'Equity': 0.6, 'Debt': 0.28, 'Gold': 0.13}","{'Equity': 0.6, 'Debt': 0.3, 'Gold': 0.1}"
WP-1091,Ananya Verma,Conservative,1867679,"{'Equity': 0.22, 'Debt': 0.61, 'Gold': 0.17}","{'Equity': 0.2, 'Debt': 0.65, 'Gold': 0.15}"
WP-1092,Ayesha Verma,Aggressive,31707902,"{'Equity': 0.92, 'Debt': -0.01, 'Gold': 0.09}","{'Equity': 0.9, 'Debt': 0.05, 'Gold': 0.05}"
WP-1093,Riya Jain,Moderate,11490137,"{'Equity': 0.63, 'Debt': 0.25, 'Gold': 0.12}","{'Equity': 0.6, 'Debt': 0.3, 'Gold': 0.1}"
WP-1094,Meera Das,Moderate,48483824,"{'Equity': 0.65, 'Debt': 0.27, 'Gold': 0.08}","{'Equity': 0.6, 'Debt': 0.3, 'Gold': 0.1}"
WP-1095,Riya Gupta,Moderately Conservative,20738871,"{'Equity': 0.34, 'Debt': 0.49, 'Gold': 0.17}","{'Equity': 0.4, 'Debt': 0.45, 'Gold': 0.15}"
WP-1096,Amit Pradhan,Aggressive,36251928,"{'Equity': 0.86, 'Debt': 0.09, 'Gold': 0.05}","{'Equity': 0.9, 'Debt': 0.05, 'Gold': 0.05}"
WP-1097,Rahul Yadav,Moderately Aggressive,28689664,"{'Equity': 0.8, 'Debt': 0.08, 'Gold': 0.12}","{'Equity': 0.75, 'Debt': 0.15, 'Gold': 0.1}"
WP-1098,Nikhil Gupta,Moderately Aggressive,10767062,"{'Equity': 0.67, 'Debt': 0.21, 'Gold': 0.12}","{'Equity': 0.75, 'Debt': 0.15, 'Gold': 0.1}"
WP-1099,Ritu Jain,Moderately Aggressive,36616172,"{'Equity': 0.72, 'Debt': 0.15, 'Gold': 0.12}","{'Equity': 0.75, 'Debt': 0.15, 'Gold': 0.1}"
WP-1100,Rakesh Yadav,Moderately Aggressive,16974901,"{'Equity': 0.7, 'Debt': 0.19, 'Gold': 0.1}","{'Equity': 0.75, 'Debt': 0.15, 'Gold': 0.1}"
WP-1101,Ayesha Joshi,Conservative,45341369,"{'Equity': 0.16, 'Debt': 0.65, 'Gold': 0.19}","{'Equity': 0.2, 'Debt': 0.65, 'Gold': 0.15}"
WP-1102,Suresh Verma,Moderately Aggressive,24311900,"{'Equity': 0.77, 'Debt': 0.16, 'Gold': 0.07}","{'Equity': 0.75, 'Debt': 0.15, 'Gold': 0.1}"
WP-1103,Priya Nair,Moderate,1181229,"{'Equity': 0.54, 'Debt': 0.34, 'Gold': 0.12}","{'Equity': 0.6, 'Debt': 0.3, 'Gold': 0.1}"
WP-1104,Suresh Nair,Aggressive,16627866,"{'Equity': 0.93, 'Debt': -0.02, 'Gold': 0.09}","{'Equity': 0.9, 'Debt': 0.05, 'Gold': 0.05}"
WP-1105,Neha Reddy,Moderately Aggressive,15371082,"{'Equity': 0.72, 'Debt': 0.14, 'Gold': 0.14}","{'Equity': 0.75, 'Debt': 0.15, 'Gold': 0.1}"
WP-1106,Suresh Nair,Moderately Aggressive,36129567,"{'Equity': 0.77, 'Debt': 0.12, 'Gold': 0.11}","{'Equity': 0.75, 'Debt': 0.15, 'Gold': 0.1}"
WP-1107,Nikhil Reddy,Moderate,21077120,"{'Equity': 0.59, 'Debt': 0.34, 'Gold': 0.07}","{'Equity': 0.6, 'Debt': 0.3, 'Gold': 0.1}"
WP-1108,Divya Jain,Moderate,46816092,"{'Equity': 0.58, 'Debt': 0.35, 'Gold': 0.07}","{'Equity': 0.6, 'Debt': 0.3, 'Gold': 0.1}"
WP-1109,Ayesha Jain,Moderately Conservative,35707784,"{'Equity': 0.37, 'Debt': 0.52, 'Gold': 0.12}","{'Equity': 0.4, 'Debt': 0.45, 'Gold': 0.15}"
WP-1110,Ananya Pradhan,Aggressive,12542118,"{'Equity': 1.01, 'Debt': -0.01, 'Gold': 0.0}","{'Equity': 0.9, 'Debt': 0.05, 'Gold': 0.05}"
WP-1111,Amit Nair,Moderate,20104958,"{'Equity': 0.58, 'Debt': 0.35, 'Gold': 0.07}","{'Equity': 0.6, 'Debt': 0.3, 'Gold': 0.1}"
WP-1112,Rahul Joshi,Moderately Conservative,19581689,"{'Equity': 0.42, 'Debt': 0.49, 'Gold': 0.09}","{'Equity': 0.4, 'Debt': 0.45, 'Gold': 0.15}"
WP-1113,Priya Yadav,Moderately Aggressive,32559863,"{'Equity': 0.72, 'Debt': 0.12, 'Gold': 0.16}","{'Equity': 0.75, 'Debt': 0.15, 'Gold': 0.1}"
WP-1114,Amit Singh,Conservative,10512480,"{'Equity': 0.26, 'Debt': 0.66, 'Gold': 0.08}","{'Equity': 0.2, 'Debt': 0.65, 'Gold': 0.15}"
WP-1115,Divya Jain,Aggressive,28428965,"{'Equity': 1.01, 'Debt': -0.02, 'Gold': 0.01}","{'Equity': 0.9, 'Debt': 0.05, 'Gold': 0.05}"
WP-1116,Meera Mishra,Aggressive,30210503,"{'Equity': 0.85, 'Debt': 0.06, 'Gold': 0.08}","{'Equity': 0.9, 'Debt': 0.05, 'Gold': 0.05}"
WP-1117,Ritu Sharma,Moderate,41411637,"{'Equity': 0.59, 'Debt': 0.34, 'Gold': 0.06}","{'Equity': 0.6, 'Debt': 0.3, 'Gold': 0.1}"
WP-1118,Neha Singh,Conservative,16597079,"{'Equity': 0.28, 'Debt': 0.62, 'Gold': 0.1}","{'Equity': 0.2, 'Debt': 0.65, 'Gold': 0.15}"
WP-1119,Ritu Mishra,Moderately Conservative,20046080,"{'Equity': 0.43, 'Debt': 0.42, 'Gold': 0.15}","{'Equity': 0.4, 'Debt': 0.45, 'Gold': 0.15}"
WP-1120,Nikhil Patel,Conservative,46629621,"{'Equity': 0.16, 'Debt': 0.67, 'Gold': 0.18}","{'Equity': 0.2, 'Debt': 0.65, 'Gold': 0.15}"
WP-1121,Rohan Das,Moderately Conservative,8202507,"{'Equity': 0.41, 'Debt': 0.44, 'Gold': 0.15}","{'Equity': 0.4, 'Debt': 0.45, 'Gold': 0.15}"
WP-1122,Sneha Patel,Aggressive,4502241,"{'Equity': 1.0, 'Debt': -0.01, 'Gold': 0.01}","{'Equity': 0.9, 'Debt': 0.05, 'Gold': 0.05}"
WP-1123,Karan Mishra,Moderately Conservative,8845232,"{'Equity': 0.4, 'Debt': 0.42, 'Gold': 0.18}","{'Equity': 0.4, 'Debt': 0.45, 'Gold': 0.15}"
WP-1124,Ankit Nair,Moderately Aggressive,33638036,"{'Equity': 0.69, 'Debt': 0.16, 'Gold': 0.15}","{'Equity': 0.75, 'Debt': 0.15, 'Gold': 0.1}"
WP-1125,Rakesh Joshi,Moderately Aggressive,17301905,"{'Equity': 0.8, 'Debt': 0.09, 'Gold': 0.11}","{'Equity': 0.75, 'Debt': 0.15, 'Gold': 0.1}"
WP-1126,Ayesha Joshi,Conservative,1892203,"{'Equity': 0.12, 'Debt': 0.69, 'Gold': 0.19}","{'Equity': 0.2, 'Debt': 0.65, 'Gold': 0.15}"
WP-1127,Ankit Kapoor,Moderate,30177512,"{'Equity': 0.61, 'Debt': 0.34, 'Gold': 0.05}","{'Equity': 0.6, 'Debt': 0.3, 'Gold': 0.1}"
WP-1128,Suresh Patel,Moderate,32041863,"{'Equity': 0.56, 'Debt': 0.32, 'Gold': 0.12}","{'Equity': 0.6, 'Debt': 0.3, 'Gold': 0.1}"
WP-1129,Vikram Pradhan,Moderate,28125034,"{'Equity': 0.66, 'Debt': 0.3, 'Gold': 0.04}","{'Equity': 0.6, 'Debt': 0.3, 'Gold': 0.1}"
WP-1130,Divya Sharma,Moderately Aggressive,31022850,"{'Equity': 0.66, 'Debt': 0.2, 'Gold': 0.14}","{'Equity': 0.75, 'Debt': 0.15, 'Gold': 0.1}"
WP-1131,Meera Yadav,Conservative,35033969,"{'Equity': 0.17, 'Debt': 0.61, 'Gold': 0.23}","{'Equity': 0.2, 'Debt': 0.65, 'Gold': 0.15}"
WP-1132,Rohan Nair,Conservative,24778601,"{'Equity': 0.22, 'Debt': 0.64, 'Gold': 0.14}","{'Equity': 0.2, 'Debt': 0.65, 'Gold': 0.15}"
WP-1133,Rohan Reddy,Aggressive,37357506,"{'Equity': 0.85, 'Debt': 0.06, 'Gold': 0.08}","{'Equity': 0.9, 'Debt': 0.05, 'Gold': 0.05}"
WP-1134,Riya Sharma,Moderately Conservative,42780079,"{'Equity': 0.43, 'Debt': 0.4, 'Gold': 0.17}","{'Equity': 0.4, 'Debt': 0.45, 'Gold': 0.15}"
WP-1135,Rahul Nair,Aggressive,27879791,"{'Equity': 0.9, 'Debt': 0.08, 'Gold': 0.02}","{'Equity': 0.9, 'Debt': 0.05, 'Gold': 0.05}"
WP-1136,Riya Kapoor,Conservative,10832827,"{'Equity': 0.17, 'Debt': 0.74, 'Gold': 0.09}","{'Equity': 0.2, 'Debt': 0.65, 'Gold': 0.15}"
WP-1137,Arjun Yadav,Moderately Aggressive,32879998,"{'Equity': 0.77, 'Debt': 0.11, 'Gold': 0.12}","{'Equity': 0.75, 'Debt': 0.15, 'Gold': 0.1}"
WP-1138,Ritu Nair,Moderately Aggressive,9660919,"{'Equity': 0.75, 'Debt': 0.17, 'Gold': 0.08}","{'Equity': 0.75, 'Debt': 0.15, 'Gold': 0.1}"
WP-1139,Ankit Reddy,Conservative,672151,"{'Equity': 0.16, 'Debt': 0.7, 'Gold': 0.14}","{'Equity': 0.2, 'Debt': 0.65, 'Gold': 0.15}"
WP-1140,Suresh Yadav,Moderate,10472069,"{'Equity': 0.58, 'Debt': 0.32, 'Gold': 0.1}","{'Equity': 0.6, 'Debt': 0.3, 'Gold': 0.1}"
WP-1141,Divya Das,Moderately Aggressive,31057659,"{'Equity': 0.76, 'Debt': 0.13, 'Gold': 0.11}","{'Equity': 0.75, 'Debt': 0.15, 'Gold': 0.1}"
WP-1142,Meera Verma,Moderate,28066650,"{'Equity': 0.6, 'Debt': 0.35, 'Gold': 0.05}","{'Equity': 0.6, 'Debt': 0.3, 'Gold': 0.1}"
WP-1143,Meera Das,Conservative,45039403,"{'Equity': 0.16, 'Debt': 0.62, 'Gold': 0.21}","{'Equity': 0.2, 'Debt': 0.65, 'Gold': 0.15}"
WP-1144,Ayesha Pradhan,Moderately Conservative,7235354,"{'Equity': 0.43, 'Debt': 0.41, 'Gold': 0.16}","{'Equity': 0.4, 'Debt': 0.45, 'Gold': 0.15}"
WP-1145,Sneha Das,Moderately Aggressive,44441630,"{'Equity': 0.74, 'Debt': 0.24, 'Gold': 0.02}","{'Equity': 0.75, 'Debt': 0.15, 'Gold': 0.1}"
WP-1146,Ritu Gupta,Moderately Conservative,27174654,"{'Equity': 0.35, 'Debt': 0.53, 'Gold': 0.12}","{'Equity': 0.4, 'Debt': 0.45, 'Gold': 0.15}"
WP-1147,Meera Pradhan,Conservative,42563780,"{'Equity': 0.22, 'Debt': 0.6, 'Gold': 0.18}","{'Equity': 0.2, 'Debt': 0.65, 'Gold': 0.15}"
WP-1148,Karan Verma,Moderately Aggressive,6565254,"{'Equity': 0.88, 'Debt': 0.09, 'Gold': 0.03}","{'Equity': 0.75, 'Debt': 0.15, 'Gold': 0.1}"
WP-1149,Riya Mishra,Moderately Aggressive,11664551,"{'Equity': 0.72, 'Debt': 0.17, 'Gold': 0.11}","{'Equity': 0.75, 'Debt': 0.15, 'Gold': 0.1}"
WP-1150,Karan Pradhan,Moderate,25655159,"{'Equity': 0.63, 'Debt': 0.22, 'Gold': 0.14}","{'Equity': 0.6, 'Debt': 0.3, 'Gold': 0.1}"
WP-1151,Vikram Singh,Moderately Aggressive,12248705,"{'Equity': 0.73, 'Debt': 0.16, 'Gold': 0.12}","{'Equity': 0.75, 'Debt': 0.15, 'Gold': 0.1}"
WP-1152,Suresh Sahoo,Conservative,39635012,"{'Equity': 0.21, 'Debt': 0.61, 'Gold': 0.17}","{'Equity': 0.2, 'Debt': 0.65, 'Gold': 0.15}"
WP-1153,Rahul Sahoo,Moderately Conservative,31722617,"{'Equity': 0.37, 'Debt': 0.48, 'Gold': 0.14}","{'Equity': 0.4, 'Debt': 0.45, 'Gold': 0.15}"
WP-1154,Pooja Joshi,Moderate,20575901,"{'Equity': 0.65, 'Debt': 0.26, 'Gold': 0.09}","{'Equity': 0.6, 'Debt': 0.3, 'Gold': 0.1}"
WP-1155,Meera Yadav,Moderately Aggressive,32927544,"{'Equity': 0.79, 'Debt': 0.14, 'Gold': 0.07}","{'Equity': 0.75, 'Debt': 0.15, 'Gold': 0.1}"
WP-1156,Karan Sharma,Conservative,44673055,"{'Equity': 0.16, 'Debt': 0.67, 'Gold': 0.16}","{'Equity': 0.2, 'Debt': 0.65, 'Gold': 0.15}"
WP-1157,Amit Sahoo,Moderately Aggressive,41195250,"{'Equity': 0.71, 'Debt': 0.16, 'Gold': 0.13}","{'Equity': 0.75, 'Debt': 0.15, 'Gold': 0.1}"
WP-1158,Ananya Joshi,Moderately Aggressive,24143859,"{'Equity': 0.7, 'Debt': 0.18, 'Gold': 0.12}","{'Equity': 0.75, 'Debt': 0.15, 'Gold': 0.1}"
WP-1159,Sneha Kapoor,Moderately Conservative,7020560,"{'Equity': 0.39, 'Debt': 0.44, 'Gold': 0.17}","{'Equity': 0.4, 'Debt': 0.45, 'Gold': 0.15}"
WP-1160,Sneha Patel,Conservative,20304527,"{'Equity': 0.18, 'Debt': 0.66, 'Gold': 0.16}","{'Equity': 0.2, 'Debt': 0.65, 'Gold': 0.15}"
WP-1161,Divya Sahoo,Moderate,25052283,"{'Equity': 0.69, 'Debt': 0.27, 'Gold': 0.04}","{'Equity': 0.6, 'Debt': 0.3, 'Gold': 0.1}"
WP-1162,Suresh Jain,Aggressive,20306607,"{'Equity': 0.99, 'Debt': 0.01, 'Gold': -0.0}","{'Equity': 0.9, 'Debt': 0.05, 'Gold': 0.05}"
WP-1163,Ananya Yadav,Moderate,45887316,"{'Equity': 0.67, 'Debt': 0.3, 'Gold': 0.03}","{'Equity': 0.6, 'Debt': 0.3, 'Gold': 0.1}"
WP-1164,Meera Sharma,Moderately Aggressive,18247514,"{'Equity': 0.75, 'Debt': 0.18, 'Gold': 0.07}","{'Equity': 0.75, 'Debt': 0.15, 'Gold': 0.1}"
WP-1165,Priya Joshi,Aggressive,26070188,"{'Equity': 0.88, 'Debt': 0.03, 'Gold': 0.09}","{'Equity': 0.9, 'Debt': 0.05, 'Gold': 0.05}"
WP-1166,Divya Pradhan,Moderate,41441923,"{'Equity': 0.66, 'Debt': 0.32, 'Gold': 0.02}","{'Equity': 0.6, 'Debt': 0.3, 'Gold': 0.1}"
WP-1167,Karan Kapoor,Moderately Conservative,27900271,"{'Equity': 0.41, 'Debt': 0.46, 'Gold': 0.14}","{'Equity': 0.4, 'Debt': 0.45, 'Gold': 0.15}"
WP-1168,Suresh Patel,Conservative,7022444,"{'Equity': 0.14, 'Debt': 0.73, 'Gold': 0.12}","{'Equity': 0.2, 'Debt': 0.65, 'Gold': 0.15}"
WP-1169,Divya Das,Moderately Conservative,39915743,"{'Equity': 0.46, 'Debt': 0.39, 'Gold': 0.14}","{'Equity': 0.4, 'Debt': 0.45, 'Gold': 0.15}"
WP-1170,Ritu Das,Moderately Conservative,19273043,"{'Equity': 0.41, 'Debt': 0.42, 'Gold': 0.18}","{'Equity': 0.4, 'Debt': 0.45, 'Gold': 0.15}"
WP-1171,Ananya Yadav,Conservative,24839448,"{'Equity': 0.24, 'Debt': 0.62, 'Gold': 0.14}","{'Equity': 0.2, 'Debt': 0.65, 'Gold': 0.15}"
WP-1172,Pooja Sharma,Conservative,27218699,"{'Equity': 0.25, 'Debt': 0.56, 'Gold': 0.19}","{'Equity': 0.2, 'Debt': 0.65, 'Gold': 0.15}"
WP-1173,Nikhil Patel,Moderate,44977657,"{'Equity': 0.58, 'Debt': 0.25, 'Gold': 0.17}","{'Equity': 0.6, 'Debt': 0.3, 'Gold': 0.1}"
WP-1174,Rakesh Verma,Moderately Conservative,8950608,"{'Equity': 0.44, 'Debt': 0.49, 'Gold': 0.07}","{'Equity': 0.4, 'Debt': 0.45, 'Gold': 0.15}"
WP-1175,Ayesha Verma,Aggressive,16136276,"{'Equity': 0.84, 'Debt': 0.1, 'Gold': 0.06}","{'Equity': 0.9, 'Debt': 0.05, 'Gold': 0.05}"
WP-1176,Priya Yadav,Moderate,10209845,"{'Equity': 0.58, 'Debt': 0.32, 'Gold': 0.11}","{'Equity': 0.6, 'Debt': 0.3, 'Gold': 0.1}"
WP-1177,Rahul Singh,Moderately Conservative,1497259,"{'Equity': 0.41, 'Debt': 0.5, 'Gold': 0.09}","{'Equity': 0.4, 'Debt': 0.45, 'Gold': 0.15}"
WP-1178,Vikram Reddy,Moderate,4016438,"{'Equity': 0.66, 'Debt': 0.27, 'Gold': 0.07}","{'Equity': 0.6, 'Debt': 0.3, 'Gold': 0.1}"
WP-1179,Suresh Mishra,Moderately Conservative,24796024,"{'Equity': 0.41, 'Debt': 0.42, 'Gold': 0.18}","{'Equity': 0.4, 'Debt': 0.45, 'Gold': 0.15}"
WP-1180,Ritu Sharma,Aggressive,49304451,"{'Equity': 0.95, 'Debt': 0.04, 'Gold': 0.01}","{'Equity': 0.9, 'Debt': 0.05, 'Gold': 0.05}"
WP-1181,Suresh Yadav,Aggressive,27452077,"{'Equity': 0.96, 'Debt': 0.08, 'Gold': -0.03}","{'Equity': 0.9, 'Debt': 0.05, 'Gold': 0.05}"
WP-1182,Neha Sahoo,Moderately Aggressive,5921757,"{'Equity': 0.71, 'Debt': 0.14, 'Gold': 0.15}","{'Equity': 0.75, 'Debt': 0.15, 'Gold': 0.1}"
WP-1183,Ayesha Nair,Moderate,48291765,"{'Equity': 0.68, 'Debt': 0.25, 'Gold': 0.07}","{'Equity': 0.6, 'Debt': 0.3, 'Gold': 0.1}"
WP-1184,Ankit Joshi,Moderate,29370188,"{'Equity': 0.6, 'Debt': 0.33, 'Gold': 0.07}","{'Equity': 0.6, 'Debt': 0.3, 'Gold': 0.1}"
WP-1185,Divya Gupta,Conservative,14929953,"{'Equity': 0.25, 'Debt': 0.58, 'Gold': 0.17}","{'Equity': 0.2, 'Debt': 0.65, 'Gold': 0.15}"
WP-1186,Nikhil Das,Moderately Aggressive,28416592,"{'Equity': 0.8, 'Debt': 0.12, 'Gold': 0.08}","{'Equity': 0.75, 'Debt': 0.15, 'Gold': 0.1}"
WP-1187,Sneha Kapoor,Conservative,32327579,"{'Equity': 0.19, 'Debt': 0.69, 'Gold': 0.12}","{'Equity': 0.2, 'Debt': 0.65, 'Gold': 0.15}"
WP-1188,Pooja Jain,Conservative,9231900,"{'Equity': 0.15, 'Debt': 0.68, 'Gold': 0.16}","{'Equity': 0.2, 'Debt': 0.65, 'Gold': 0.15}"
WP-1189,Riya Das,Aggressive,24229565,"{'Equity': 0.82, 'Debt': 0.12, 'Gold': 0.06}","{'Equity': 0.9, 'Debt': 0.05, 'Gold': 0.05}"
WP-1190,Ritu Reddy,Moderately Aggressive,24098576,"{'Equity': 0.69, 'Debt': 0.16, 'Gold': 0.15}","{'Equity': 0.75, 'Debt': 0.15, 'Gold': 0.1}"
WP-1191,Ananya Yadav,Conservative,7762412,"{'Equity': 0.21, 'Debt': 0.61, 'Gold': 0.18}","{'Equity': 0.2, 'Debt': 0.65, 'Gold': 0.15}"
WP-1192,Ayesha Verma,Moderate,29297246,"{'Equity': 0.61, 'Debt': 0.26, 'Gold': 0.13}","{'Equity': 0.6, 'Debt': 0.3, 'Gold': 0.1}"
WP-1193,Divya Sharma,Aggressive,41368956,"{'Equity': 0.85, 'Debt': 0.09, 'Gold': 0.06}","{'Equity': 0.9, 'Debt': 0.05, 'Gold': 0.05}"
WP-1194,Rakesh Pradhan,Moderate,909752,"{'Equity': 0.57, 'Debt': 0.28, 'Gold': 0.15}","{'Equity': 0.6, 'Debt': 0.3, 'Gold': 0.1}"
WP-1195,Sneha Gupta,Moderately Conservative,42991454,"{'Equity': 0.44, 'Debt': 0.44, 'Gold': 0.12}","{'Equity': 0.4, 'Debt': 0.45, 'Gold': 0.15}"
WP-1196,Nikhil Pradhan,Conservative,11063557,"{'Equity': 0.14, 'Debt': 0.71, 'Gold': 0.14}","{'Equity': 0.2, 'Debt': 0.65, 'Gold': 0.15}"
WP-1197,Ritu Patel,Moderate,4030518,"{'Equity': 0.56, 'Debt': 0.27, 'Gold': 0.17}","{'Equity': 0.6, 'Debt': 0.3, 'Gold': 0.1}"
WP-1198,Priya Mishra,Moderately Conservative,44921953,"{'Equity': 0.35, 'Debt': 0.47, 'Gold': 0.18}","{'Equity': 0.4, 'Debt': 0.45, 'Gold': 0.15}"
WP-1199,Ankit Patel,Moderately Aggressive,23664158,"{'Equity': 0.79, 'Debt': 0.15, 'Gold': 0.06}","{'Equity': 0.75, 'Debt': 0.15, 'Gold': 0.1}"
WP-1200,Ankit Kapoor,Moderately Aggressive,21197675,"{'Equity': 0.7, 'Debt': 0.18, 'Gold': 0.11}","{'Equity': 0.75, 'Debt': 0.15, 'Gold': 0.1}"
WP-1201,Rohan Reddy,Conservative,14675672,"{'Equity': 0.16, 'Debt': 0.75, 'Gold': 0.08}","{'Equity': 0.2, 'Debt': 0.65, 'Gold': 0.15}"
WP-1202,Suresh Gupta,Moderately Conservative,29400768,"{'Equity': 0.46, 'Debt': 0.44, 'Gold': 0.09}","{'Equity': 0.4, 'Debt': 0.45, 'Gold': 0.15}"
WP-1203,Divya Yadav,Moderately Conservative,45331953,"{'Equity': 0.37, 'Debt': 0.51, 'Gold': 0.12}","{'Equity': 0.4, 'Debt': 0.45, 'Gold': 0.15}"
WP-1204,Rahul Mishra,Moderate,5725271,"{'Equity': 0.58, 'Debt': 0.39, 'Gold': 0.03}","{'Equity': 0.6, 'Debt': 0.3, 'Gold': 0.1}"
WP-1205,Arjun Reddy,Moderate,8229154,"{'Equity': 0.58, 'Debt': 0.3, 'Gold': 0.12}","{'Equity': 0.6, 'Debt': 0.3, 'Gold': 0.1}"
WP-1206,Ritu Mishra,Moderately Aggressive,46778946,"{'Equity': 0.71, 'Debt': 0.13, 'Gold': 0.16}","{'Equity': 0.75, 'Debt': 0.15, 'Gold': 0.1}"
WP-1207,Ayesha Das,Moderate,35662531,"{'Equity': 0.56, 'Debt': 0.38, 'Gold': 0.06}","{'Equity': 0.6, 'Debt': 0.3, 'Gold': 0.1}"
WP-1208,Rakesh Jain,Conservative,11783195,"{'Equity': 0.2, 'Debt': 0.67, 'Gold': 0.13}","{'Equity': 0.2, 'Debt': 0.65, 'Gold': 0.15}"
WP-1209,Pooja Pradhan,Conservative,49313585,"{'Equity': 0.21, 'Debt': 0.63, 'Gold': 0.16}","{'Equity': 0.2, 'Debt': 0.65, 'Gold': 0.15}"
WP-1210,Ritu Singh,Moderately Conservative,44490465,"{'Equity': 0.42, 'Debt': 0.46, 'Gold': 0.12}","{'Equity': 0.4, 'Debt': 0.45, 'Gold': 0.15}"
WP-1211,Ayesha Jain,Conservative,39387445,"{'Equity': 0.15, 'Debt': 0.7, 'Gold': 0.15}","{'Equity': 0.2, 'Debt': 0.65, 'Gold': 0.15}"
WP-1212,Ritu Pradhan,Moderately Aggressive,42591847,"{'Equity': 0.7, 'Debt': 0.19, 'Gold': 0.11}","{'Equity': 0.75, 'Debt': 0.15, 'Gold': 0.1}"
WP-1213,Karan Jain,Moderate,18933037,"{'Equity': 0.63, 'Debt': 0.27, 'Gold': 0.1}","{'Equity': 0.6, 'Debt': 0.3, 'Gold': 0.1}"
WP-1214,Nikhil Sharma,Aggressive,4317826,"{'Equity': 0.92, 'Debt': 0.06, 'Gold': 0.02}","{'Equity': 0.9, 'Debt': 0.05, 'Gold': 0.05}"
WP-1215,Neha Joshi,Moderate,40368021,"{'Equity': 0.62, 'Debt': 0.22, 'Gold': 0.15}","{'Equity': 0.6, 'Debt': 0.3, 'Gold': 0.1}"
WP-1216,Amit Mishra,Aggressive,38863230,"{'Equity': 0.83, 'Debt': 0.06, 'Gold': 0.11}","{'Equity': 0.9, 'Debt': 0.05, 'Gold': 0.05}"
WP-1217,Amit Mishra,Moderately Conservative,7445893,"{'Equity': 0.41, 'Debt': 0.49, 'Gold': 0.1}","{'Equity': 0.4, 'Debt': 0.45, 'Gold': 0.15}"
WP-1218,Amit Verma,Moderate,47987688,"{'Equity': 0.66, 'Debt': 0.22, 'Gold': 0.12}","{'Equity': 0.6, 'Debt': 0.3, 'Gold': 0.1}"
WP-1219,Pooja Pradhan,Moderately Aggressive,19484666,"{'Equity': 0.75, 'Debt': 0.14, 'Gold': 0.11}","{'Equity': 0.75, 'Debt': 0.15, 'Gold': 0.1}"
WP-1220,Rakesh Patel,Moderately Aggressive,22625172,"{'Equity': 0.76, 'Debt': 0.12, 'Gold': 0.12}","{'Equity': 0.75, 'Debt': 0.15, 'Gold': 0.1}"
WP-1221,Ritu Yadav,Conservative,10591383,"{'Equity': 0.22, 'Debt': 0.66, 'Gold': 0.12}","{'Equity': 0.2, 'Debt': 0.65, 'Gold': 0.15}"
WP-1222,Karan Kapoor,Moderate,47374196,"{'Equity': 0.51, 'Debt': 0.32, 'Gold': 0.17}","{'Equity': 0.6, 'Debt': 0.3, 'Gold': 0.1}"
WP-1223,Divya Das,Moderately Aggressive,43684101,"{'Equity': 0.77, 'Debt': 0.2, 'Gold': 0.03}","{'Equity': 0.75, 'Debt': 0.15, 'Gold': 0.1}"
WP-1224,Ankit Patel,Moderate,43853991,"{'Equity': 0.58, 'Debt': 0.29, 'Gold': 0.13}","{'Equity': 0.6, 'Debt': 0.3, 'Gold': 0.1}"
WP-1225,Rohan Pradhan,Moderately Aggressive,33133089,"{'Equity': 0.84, 'Debt': 0.08, 'Gold': 0.08}","{'Equity': 0.75, 'Debt': 0.15, 'Gold': 0.1}"
WP-1226,Riya Nair,Moderately Conservative,36723402,"{'Equity': 0.43, 'Debt': 0.47, 'Gold': 0.1}","{'Equity': 0.4, 'Debt': 0.45, 'Gold': 0.15}"
WP-1227,Sneha Joshi,Aggressive,25781242,"{'Equity': 0.88, 'Debt': 0.02, 'Gold': 0.1}","{'Equity': 0.9, 'Debt': 0.05, 'Gold': 0.05}"
WP-1228,Vikram Gupta,Moderately Conservative,29871765,"{'Equity': 0.34, 'Debt': 0.48, 'Gold': 0.18}","{'Equity': 0.4, 'Debt': 0.45, 'Gold': 0.15}"
WP-1229,Nikhil Joshi,Conservative,19621189,"{'Equity': 0.19, 'Debt': 0.69, 'Gold': 0.11}","{'Equity': 0.2, 'Debt': 0.65, 'Gold': 0.15}"
WP-1230,Suresh Sahoo,Moderately Aggressive,13520205,"{'Equity': 0.72, 'Debt': 0.11, 'Gold': 0.17}","{'Equity': 0.75, 'Debt': 0.15, 'Gold': 0.1}"
WP-1231,Karan Jain,Moderate,26127025,"{'Equity': 0.61, 'Debt': 0.3, 'Gold': 0.09}","{'Equity': 0.6, 'Debt': 0.3, 'Gold': 0.1}"
WP-1232,Ritu Singh,Aggressive,17277431,"{'Equity': 0.8, 'Debt': 0.11, 'Gold': 0.09}","{'Equity': 0.9, 'Debt': 0.05, 'Gold': 0.05}"
WP-1233,Riya Gupta,Conservative,35122092,"{'Equity': 0.2, 'Debt': 0.65, 'Gold': 0.15}","{'Equity': 0.2, 'Debt': 0.65, 'Gold': 0.15}"
WP-1234,Ankit Singh,Conservative,29858286,"{'Equity': 0.18, 'Debt': 0.71, 'Gold': 0.11}","{'Equity': 0.2, 'Debt': 0.65, 'Gold': 0.15}"
WP-1235,Pooja Sahoo,Conservative,2289806,"{'Equity': 0.26, 'Debt': 0.6, 'Gold': 0.14}","{'Equity': 0.2, 'Debt': 0.65, 'Gold': 0.15}"
WP-1236,Neha Pradhan,Moderately Aggressive,15568541,"{'Equity': 0.76, 'Debt': 0.17, 'Gold': 0.07}","{'Equity': 0.75, 'Debt': 0.15, 'Gold': 0.1}"
WP-1237,Rakesh Jain,Conservative,10301203,"{'Equity': 0.18, 'Debt': 0.63, 'Gold': 0.19}","{'Equity': 0.2, 'Debt': 0.65, 'Gold': 0.15}"
WP-1238,Sneha Jain,Moderately Conservative,47847731,"{'Equity': 0.33, 'Debt': 0.52, 'Gold': 0.15}","{'Equity': 0.4, 'Debt': 0.45, 'Gold': 0.15}"
WP-1239,Priya Verma,Moderately Aggressive,10534091,"{'Equity': 0.88, 'Debt': 0.08, 'Gold': 0.04}","{'Equity': 0.75, 'Debt': 0.15, 'Gold': 0.1}"
WP-1240,Karan Verma,Aggressive,20709914,"{'Equity': 0.9, 'Debt': 0.06, 'Gold': 0.04}","{'Equity': 0.9, 'Debt': 0.05, 'Gold': 0.05}"
WP-1241,Nikhil Patel,Conservative,7939547,"{'Equity': 0.13, 'Debt': 0.66, 'Gold': 0.21}","{'Equity': 0.2, 'Debt': 0.65, 'Gold': 0.15}"
WP-1242,Ananya Gupta,Moderately Aggressive,10135278,"{'Equity': 0.82, 'Debt': 0.07, 'Gold': 0.11}","{'Equity': 0.75, 'Debt': 0.15, 'Gold': 0.1}"
WP-1243,Arjun Singh,Moderate,45085203,"{'Equity': 0.61, 'Debt': 0.33, 'Gold': 0.06}","{'Equity': 0.6, 'Debt': 0.3, 'Gold': 0.1}"
WP-1244,Divya Nair,Conservative,34565975,"{'Equity': 0.19, 'Debt': 0.6, 'Gold': 0.21}","{'Equity': 0.2, 'Debt': 0.65, 'Gold': 0.15}"
WP-1245,Meera Pradhan,Aggressive,17522180,"{'Equity': 0.9, 'Debt': 0.12, 'Gold': -0.02}","{'Equity': 0.9, 'Debt': 0.05, 'Gold': 0.05}"
WP-1246,Riya Jain,Conservative,39550870,"{'Equity': 0.21, 'Debt': 0.67, 'Gold': 0.13}","{'Equity': 0.2, 'Debt': 0.65, 'Gold': 0.15}"
WP-1247,Vikram Yadav,Moderate,46448269,"{'Equity': 0.61, 'Debt': 0.31, 'Gold': 0.08}","{'Equity': 0.6, 'Debt': 0.3, 'Gold': 0.1}"
WP-1248,Sneha Patel,Moderately Aggressive,48552970,"{'Equity': 0.81, 'Debt': 0.15, 'Gold': 0.05}","{'Equity': 0.75, 'Debt': 0.15, 'Gold': 0.1}"
WP-1249,Amit Pradhan,Moderately Aggressive,21308840,"{'Equity': 0.73, 'Debt': 0.11, 'Gold': 0.16}","{'Equity': 0.75, 'Debt': 0.15, 'Gold': 0.1}"
WP-1250,Amit Jain,Aggressive,43912757,"{'Equity': 0.85, 'Debt': 0.1, 'Gold': 0.05}","{'Equity': 0.9, 'Debt': 0.05, 'Gold': 0.05}"
WP-1251,Rakesh Reddy,Moderately Conservative,8853376,"{'Equity': 0.39, 'Debt': 0.53, 'Gold': 0.08}","{'Equity': 0.4, 'Debt': 0.45, 'Gold': 0.15}"
WP-1252,Meera Pradhan,Moderate,13037091,"{'Equity': 0.61, 'Debt': 0.29, 'Gold': 0.09}","{'Equity': 0.6, 'Debt': 0.3, 'Gold': 0.1}"
WP-1253,Priya Jain,Moderately Aggressive,6043964,"{'Equity': 0.74, 'Debt': 0.12, 'Gold': 0.14}","{'Equity': 0.75, 'Debt': 0.15, 'Gold': 0.1}"
WP-1254,Divya Reddy,Moderately Aggressive,22056134,"{'Equity': 0.68, 'Debt': 0.17, 'Gold': 0.15}","{'Equity': 0.75, 'Debt': 0.15, 'Gold': 0.1}"
WP-1255,Ritu Gupta,Conservative,29096165,"{'Equity': 0.14, 'Debt': 0.73, 'Gold': 0.13}","{'Equity': 0.2, 'Debt': 0.65, 'Gold': 0.15}"
WP-1256,Pooja Joshi,Moderately Conservative,29688363,"{'Equity': 0.46, 'Debt': 0.46, 'Gold': 0.09}","{'Equity': 0.4, 'Debt': 0.45, 'Gold': 0.15}"
WP-1257,Meera Pradhan,Moderate,34932619,"{'Equity': 0.62, 'Debt': 0.35, 'Gold': 0.03}","{'Equity': 0.6, 'Debt': 0.3, 'Gold': 0.1}"
WP-1258,Nikhil Sharma,Moderately Conservative,8971153,"{'Equity': 0.46, 'Debt': 0.38, 'Gold': 0.17}","{'Equity': 0.4, 'Debt': 0.45, 'Gold': 0.15}"
WP-1259,Ayesha Sharma,Conservative,41107226,"{'Equity': 0.17, 'Debt': 0.7, 'Gold': 0.14}","{'Equity': 0.2, 'Debt': 0.65, 'Gold': 0.15}"
WP-1260,Neha Joshi,Moderately Conservative,9740562,"{'Equity': 0.4, 'Debt': 0.48, 'Gold': 0.12}","{'Equity': 0.4, 'Debt': 0.45, 'Gold': 0.15}"
WP-1261,Riya Sharma,Aggressive,49870304,"{'Equity': 0.97, 'Debt': 0.02, 'Gold': 0.01}","{'Equity': 0.9, 'Debt': 0.05, 'Gold': 0.05}"
WP-1262,Priya Jain,Moderately Conservative,17967750,"{'Equity': 0.4, 'Debt': 0.43, 'Gold': 0.16}","{'Equity': 0.4, 'Debt': 0.45, 'Gold': 0.15}"
WP-1263,Suresh Verma,Moderately Aggressive,8730058,"{'Equity': 0.7, 'Debt': 0.17, 'Gold': 0.13}","{'Equity': 0.75, 'Debt': 0.15, 'Gold': 0.1}"
WP-1264,Nikhil Patel,Moderately Conservative,46263497,"{'Equity': 0.41, 'Debt': 0.4, 'Gold': 0.19}","{'Equity': 0.4, 'Debt': 0.45, 'Gold': 0.15}"
WP-1265,Karan Sahoo,Moderate,20629751,"{'Equity': 0.59, 'Debt': 0.31, 'Gold': 0.1}","{'Equity': 0.6, 'Debt': 0.3, 'Gold': 0.1}"
WP-1266,Pooja Nair,Moderately Conservative,15548600,"{'Equity': 0.38, 'Debt': 0.46, 'Gold': 0.15}","{'Equity': 0.4, 'Debt': 0.45, 'Gold': 0.15}"
WP-1267,Suresh Sharma,Conservative,24719355,"{'Equity': 0.26, 'Debt': 0.64, 'Gold': 0.1}","{'Equity': 0.2, 'Debt': 0.65, 'Gold': 0.15}"
WP-1268,Sneha Joshi,Aggressive,6285823,"{'Equity': 0.84, 'Debt': 0.04, 'Gold': 0.12}","{'Equity': 0.9, 'Debt': 0.05, 'Gold': 0.05}"
WP-1269,Ankit Das,Conservative,27976618,"{'Equity': 0.16, 'Debt': 0.67, 'Gold': 0.17}","{'Equity': 0.2, 'Debt': 0.65, 'Gold': 0.15}"
WP-1270,Nikhil Mishra,Aggressive,46141341,"{'Equity': 0.81, 'Debt': 0.13, 'Gold': 0.07}","{'Equity': 0.9, 'Debt': 0.05, 'Gold': 0.05}"
WP-1271,Ayesha Singh,Aggressive,9159255,"{'Equity': 0.81, 'Debt': 0.1, 'Gold': 0.08}","{'Equity': 0.9, 'Debt': 0.05, 'Gold': 0.05}"
WP-1272,Ankit Singh,Moderately Aggressive,20909452,"{'Equity': 0.68, 'Debt': 0.19, 'Gold': 0.14}","{'Equity': 0.75, 'Debt': 0.15, 'Gold': 0.1}"
WP-1273,Ankit Sahoo,Moderately Conservative,19562159,"{'Equity': 0.36, 'Debt': 0.53, 'Gold': 0.11}","{'Equity': 0.4, 'Debt': 0.45, 'Gold': 0.15}"
WP-1274,Sneha Kapoor,Conservative,20822215,"{'Equity': 0.16, 'Debt': 0.68, 'Gold': 0.16}","{'Equity': 0.2, 'Debt': 0.65, 'Gold': 0.15}"
WP-1275,Ayesha Singh,Aggressive,11989079,"{'Equity': 0.95, 'Debt': 0.05, 'Gold': -0.0}","{'Equity': 0.9, 'Debt': 0.05, 'Gold': 0.05}"
WP-1276,Ayesha Sharma,Aggressive,2404112,"{'Equity': 0.85, 'Debt': 0.06, 'Gold': 0.09}","{'Equity': 0.9, 'Debt': 0.05, 'Gold': 0.05}"
WP-1277,Rohan Jain,Conservative,38895477,"{'Equity': 0.14, 'Debt': 0.7, 'Gold': 0.17}","{'Equity': 0.2, 'Debt': 0.65, 'Gold': 0.15}"
WP-1278,Divya Reddy,Moderately Aggressive,43577668,"{'Equity': 0.77, 'Debt': 0.07, 'Gold': 0.16}","{'Equity': 0.75, 'Debt': 0.15, 'Gold': 0.1}"
WP-1279,Karan Mishra,Moderate,5397136,"{'Equity': 0.56, 'Debt': 0.32, 'Gold': 0.12}","{'Equity': 0.6, 'Debt': 0.3, 'Gold': 0.1}"
WP-1280,Rakesh Joshi,Conservative,10141442,"{'Equity': 0.16, 'Debt': 0.69, 'Gold': 0.15}","{'Equity': 0.2, 'Debt': 0.65, 'Gold': 0.15}"
WP-1281,Pooja Das,Moderate,9275567,"{'Equity': 0.59, 'Debt': 0.24, 'Gold': 0.16}","{'Equity': 0.6, 'Debt': 0.3, 'Gold': 0.1}"
WP-1282,Riya Reddy,Moderate,30671877,"{'Equity': 0.67, 'Debt': 0.27, 'Gold': 0.07}","{'Equity': 0.6, 'Debt': 0.3, 'Gold': 0.1}"
WP-1283,Ritu Das,Moderately Conservative,17161136,"{'Equity': 0.36, 'Debt': 0.4, 'Gold': 0.23}","{'Equity': 0.4, 'Debt': 0.45, 'Gold': 0.15}"
WP-1284,Rohan Jain,Moderately Conservative,11193288,"{'Equity': 0.39, 'Debt': 0.45, 'Gold': 0.16}","{'Equity': 0.4, 'Debt': 0.45, 'Gold': 0.15}"
WP-1285,Suresh Sharma,Moderately Aggressive,6543092,"{'Equity': 0.73, 'Debt': 0.12, 'Gold': 0.14}","{'Equity': 0.75, 'Debt': 0.15, 'Gold': 0.1}"
WP-1286,Pooja Sharma,Moderately Aggressive,3891709,"{'Equity': 0.74, 'Debt': 0.22, 'Gold': 0.05}","{'Equity': 0.75, 'Debt': 0.15, 'Gold': 0.1}"
WP-1287,Suresh Reddy,Moderate,36516706,"{'Equity': 0.56, 'Debt': 0.33, 'Gold': 0.11}","{'Equity': 0.6, 'Debt': 0.3, 'Gold': 0.1}"
WP-1288,Pooja Jain,Conservative,27561922,"{'Equity': 0.23, 'Debt': 0.58, 'Gold': 0.19}","{'Equity': 0.2, 'Debt': 0.65, 'Gold': 0.15}"
WP-1289,Pooja Nair,Moderate,19867732,"{'Equity': 0.61, 'Debt': 0.26, 'Gold': 0.13}","{'Equity': 0.6, 'Debt': 0.3, 'Gold': 0.1}"
WP-1290,Ritu Kapoor,Conservative,41506411,"{'Equity': 0.18, 'Debt': 0.65, 'Gold': 0.16}","{'Equity': 0.2, 'Debt': 0.65, 'Gold': 0.15}"
WP-1291,Rakesh Nair,Conservative,25035428,"{'Equity': 0.16, 'Debt': 0.69, 'Gold': 0.15}","{'Equity': 0.2, 'Debt': 0.65, 'Gold': 0.15}"
WP-1292,Amit Sharma,Moderately Conservative,9696355,"{'Equity': 0.37, 'Debt': 0.47, 'Gold': 0.16}","{'Equity': 0.4, 'Debt': 0.45, 'Gold': 0.15}"
WP-1293,Ankit Singh,Moderate,22509415,"{'Equity': 0.66, 'Debt': 0.3, 'Gold': 0.04}","{'Equity': 0.6, 'Debt': 0.3, 'Gold': 0.1}"
WP-1294,Karan Joshi,Aggressive,23073640,"{'Equity': 0.9, 'Debt': 0.03, 'Gold': 0.07}","{'Equity': 0.9, 'Debt': 0.05, 'Gold': 0.05}"
WP-1295,Karan Mishra,Aggressive,1616487,"{'Equity': 0.87, 'Debt': 0.06, 'Gold': 0.07}","{'Equity': 0.9, 'Debt': 0.05, 'Gold': 0.05}"
WP-1296,Karan Jain,Moderate,49175683,"{'Equity': 0.63, 'Debt': 0.27, 'Gold': 0.1}","{'Equity': 0.6, 'Debt': 0.3, 'Gold': 0.1}"
WP-1297,Ayesha Joshi,Conservative,15770167,"{'Equity': 0.22, 'Debt': 0.61, 'Gold': 0.17}","{'Equity': 0.2, 'Debt': 0.65, 'Gold': 0.15}"
WP-1298,Ritu Jain,Conservative,26014141,"{'Equity': 0.21, 'Debt': 0.61, 'Gold': 0.17}","{'Equity': 0.2, 'Debt': 0.65, 'Gold': 0.15}"
WP-1299,Riya Verma,Moderately Conservative,1770865,"{'Equity': 0.44, 'Debt': 0.4, 'Gold': 0.16}","{'Equity': 0.4, 'Debt': 0.45, 'Gold': 0.15}"
WP-1300,Arjun Nair,Moderately Aggressive,41535597,"{'Equity': 0.77, 'Debt': 0.1, 'Gold': 0.14}","{'Equity': 0.75, 'Debt': 0.15, 'Gold': 0.1}"
WP-1301,Sneha Nair,Moderately Aggressive,14414466,"{'Equity': 0.79, 'Debt': 0.18, 'Gold': 0.03}","{'Equity': 0.75, 'Debt': 0.15, 'Gold': 0.1}"
WP-1302,Rakesh Singh,Aggressive,31347497,"{'Equity': 0.87, 'Debt': 0.08, 'Gold': 0.05}","{'Equity': 0.9, 'Debt': 0.05, 'Gold': 0.05}"
WP-1303,Priya Joshi,Aggressive,32992776,"{'Equity': 0.88, 'Debt': 0.03, 'Gold': 0.09}","{'Equity': 0.9, 'Debt': 0.05, 'Gold': 0.05}"
WP-1304,Karan Jain,Moderately Conservative,19894739,"{'Equity': 0.47, 'Debt': 0.41, 'Gold': 0.12}","{'Equity': 0.4, 'Debt': 0.45, 'Gold': 0.15}"
WP-1305,Divya Sahoo,Moderately Conservative,48930076,"{'Equity': 0.42, 'Debt': 0.44, 'Gold': 0.15}","{'Equity': 0.4, 'Debt': 0.45, 'Gold': 0.15}"
WP-1306,Meera Yadav,Moderate,23661595,"{'Equity': 0.58, 'Debt': 0.31, 'Gold': 0.11}","{'Equity': 0.6, 'Debt': 0.3, 'Gold': 0.1}"
WP-1307,Pooja Sahoo,Moderately Conservative,30187358,"{'Equity': 0.38, 'Debt': 0.43, 'Gold': 0.19}","{'Equity': 0.4, 'Debt': 0.45, 'Gold': 0.15}"
WP-1308,Priya Sahoo,Moderate,38216390,"{'Equity': 0.62, 'Debt': 0.24, 'Gold': 0.14}","{'Equity': 0.6, 'Debt': 0.3, 'Gold': 0.1}"
WP-1309,Ananya Sharma,Moderate,45451796,"{'Equity': 0.56, 'Debt': 0.33, 'Gold': 0.11}","{'Equity': 0.6, 'Debt': 0.3, 'Gold': 0.1}"
WP-1310,Rakesh Gupta,Aggressive,32202489,"{'Equity': 1.0, 'Debt': 0.01, 'Gold': -0.01}","{'Equity': 0.9, 'Debt': 0.05, 'Gold': 0.05}"
WP-1311,Vikram Das,Conservative,44314893,"{'Equity': 0.22, 'Debt': 0.57, 'Gold': 0.21}","{'Equity': 0.2, 'Debt': 0.65, 'Gold': 0.15}"
WP-1312,Rakesh Reddy,Moderately Aggressive,43845475,"{'Equity': 0.74, 'Debt': 0.1, 'Gold': 0.17}","{'Equity': 0.75, 'Debt': 0.15, 'Gold': 0.1}"
WP-1313,Divya Gupta,Conservative,49027605,"{'Equity': 0.27, 'Debt': 0.57, 'Gold': 0.16}","{'Equity': 0.2, 'Debt': 0.65, 'Gold': 0.15}"
WP-1314,Vikram Sahoo,Conservative,2938725,"{'Equity': 0.25, 'Debt': 0.56, 'Gold': 0.19}","{'Equity': 0.2, 'Debt': 0.65, 'Gold': 0.15}"
WP-1315,Karan Sahoo,Moderately Aggressive,3014312,"{'Equity': 0.77, 'Debt': 0.1, 'Gold': 0.13}","{'Equity': 0.75, 'Debt': 0.15, 'Gold': 0.1}"
WP-1316,Rakesh Reddy,Conservative,30990850,"{'Equity': 0.16, 'Debt': 0.63, 'Gold': 0.21}","{'Equity': 0.2, 'Debt': 0.65, 'Gold': 0.15}"
WP-1317,Ankit Mishra,Aggressive,18809786,"{'Equity': 0.9, 'Debt': 0.11, 'Gold': -0.01}","{'Equity': 0.9, 'Debt': 0.05, 'Gold': 0.05}"
WP-1318,Priya Gupta,Moderately Conservative,12995608,"{'Equity': 0.42, 'Debt': 0.4, 'Gold': 0.18}","{'Equity': 0.4, 'Debt': 0.45, 'Gold': 0.15}"
WP-1319,Rohan Singh,Conservative,41500462,"{'Equity': 0.22, 'Debt': 0.64, 'Gold': 0.15}","{'Equity': 0.2, 'Debt': 0.65, 'Gold': 0.15}"
WP-1320,Riya Singh,Moderately Aggressive,9936303,"{'Equity': 0.82, 'Debt': 0.15, 'Gold': 0.03}","{'Equity': 0.75, 'Debt': 0.15, 'Gold': 0.1}"
WP-1321,Ananya Mishra,Moderately Aggressive,18417685,"{'Equity': 0.81, 'Debt': 0.12, 'Gold': 0.07}","{'Equity': 0.75, 'Debt': 0.15, 'Gold': 0.1}"
WP-1322,Pooja Gupta,Moderate,16357997,"{'Equity': 0.61, 'Debt': 0.37, 'Gold': 0.02}","{'Equity': 0.6, 'Debt': 0.3, 'Gold': 0.1}"
WP-1323,Ankit Sahoo,Conservative,47714913,"{'Equity': 0.24, 'Debt': 0.66, 'Gold': 0.1}","{'Equity': 0.2, 'Debt': 0.65, 'Gold': 0.15}"
WP-1324,Pooja Joshi,Moderate,15320941,"{'Equity': 0.56, 'Debt': 0.29, 'Gold': 0.15}","{'Equity': 0.6, 'Debt': 0.3, 'Gold': 0.1}"
WP-1325,Ritu Pradhan,Moderately Conservative,28406926,"{'Equity': 0.44, 'Debt': 0.42, 'Gold': 0.13}","{'Equity': 0.4, 'Debt': 0.45, 'Gold': 0.15}"
WP-1326,Rohan Jain,Aggressive,17107123,"{'Equity': 0.84, 'Debt': 0.08, 'Gold': 0.09}","{'Equity': 0.9, 'Debt': 0.05, 'Gold': 0.05}"
WP-1327,Pooja Patel,Aggressive,38360722,"{'Equity': 0.98, 'Debt': -0.02, 'Gold': 0.04}","{'Equity': 0.9, 'Debt': 0.05, 'Gold': 0.05}"
WP-1328,Ayesha Nair,Conservative,10556423,"{'Equity': 0.14, 'Debt': 0.7, 'Gold': 0.16}","{'Equity': 0.2, 'Debt': 0.65, 'Gold': 0.15}"
WP-1329,Rohan Gupta,Moderately Conservative,39634378,"{'Equity': 0.41, 'Debt': 0.49, 'Gold': 0.1}","{'Equity': 0.4, 'Debt': 0.45, 'Gold': 0.15}"
WP-1330,Nikhil Singh,Moderately Aggressive,34943479,"{'Equity': 0.69, 'Debt': 0.15, 'Gold': 0.15}","{'Equity': 0.75, 'Debt': 0.15, 'Gold': 0.1}"
WP-1331,Karan Gupta,Moderately Aggressive,1960990,"{'Equity': 0.81, 'Debt': 0.09, 'Gold': 0.1}","{'Equity': 0.75, 'Debt': 0.15, 'Gold': 0.1}"
WP-1332,Neha Sharma,Moderately Aggressive,28933850,"{'Equity': 0.86, 'Debt': 0.08, 'Gold': 0.06}","{'Equity': 0.75, 'Debt': 0.15, 'Gold': 0.1}"
WP-1333,Neha Sahoo,Moderate,32180162,"{'Equity': 0.65, 'Debt': 0.32, 'Gold': 0.03}","{'Equity': 0.6, 'Debt': 0.3, 'Gold': 0.1}"
WP-1334,Arjun Pradhan,Conservative,26167772,"{'Equity': 0.2, 'Debt': 0.7, 'Gold': 0.1}","{'Equity': 0.2, 'Debt': 0.65, 'Gold': 0.15}"
WP-1335,Divya Singh,Moderately Aggressive,44357930,"{'Equity': 0.73, 'Debt': 0.2, 'Gold': 0.07}","{'Equity': 0.75, 'Debt': 0.15, 'Gold': 0.1}"
WP-1336,Sneha Gupta,Moderate,15444487,"{'Equity': 0.54, 'Debt': 0.38, 'Gold': 0.08}","{'Equity': 0.6, 'Debt': 0.3, 'Gold': 0.1}"
WP-1337,Divya Das,Conservative,36197460,"{'Equity': 0.22, 'Debt': 0.66, 'Gold': 0.13}","{'Equity': 0.2, 'Debt': 0.65, 'Gold': 0.15}"
WP-1338,Priya Verma,Moderately Aggressive,49155533,"{'Equity': 0.81, 'Debt': 0.11, 'Gold': 0.08}","{'Equity': 0.75, 'Debt': 0.15, 'Gold': 0.1}"
WP-1339,Rahul Verma,Conservative,14329903,"{'Equity': 0.13, 'Debt': 0.69, 'Gold': 0.17}","{'Equity': 0.2, 'Debt': 0.65, 'Gold': 0.15}"
WP-1340,Amit Verma,Conservative,3468676,"{'Equity': 0.16, 'Debt': 0.65, 'Gold': 0.19}","{'Equity': 0.2, 'Debt': 0.65, 'Gold': 0.15}"
WP-1341,Amit Singh,Moderately Aggressive,34315877,"{'Equity': 0.71, 'Debt': 0.15, 'Gold': 0.13}","{'Equity': 0.75, 'Debt': 0.15, 'Gold': 0.1}"
WP-1342,Ayesha Joshi,Moderate,45632851,"{'Equity': 0.54, 'Debt': 0.36, 'Gold': 0.11}","{'Equity': 0.6, 'Debt': 0.3, 'Gold': 0.1}"
WP-1343,Ankit Verma,Moderate,28253555,"{'Equity': 0.51, 'Debt': 0.33, 'Gold': 0.16}","{'Equity': 0.6, 'Debt': 0.3, 'Gold': 0.1}"
WP-1344,Vikram Kapoor,Moderate,46050149,"{'Equity': 0.57, 'Debt': 0.32, 'Gold': 0.11}","{'Equity': 0.6, 'Debt': 0.3, 'Gold': 0.1}"
WP-1345,Meera Jain,Moderately Aggressive,35696120,"{'Equity': 0.83, 'Debt': 0.09, 'Gold': 0.09}","{'Equity': 0.75, 'Debt': 0.15, 'Gold': 0.1}"
WP-1346,Vikram Jain,Moderate,36599754,"{'Equity': 0.64, 'Debt': 0.29, 'Gold': 0.07}","{'Equity': 0.6, 'Debt': 0.3, 'Gold': 0.1}"
WP-1347,Sneha Jain,Moderately Aggressive,31573092,"{'Equity': 0.72, 'Debt': 0.11, 'Gold': 0.16}","{'Equity': 0.75, 'Debt': 0.15, 'Gold': 0.1}"
WP-1348,Sneha Das,Conservative,16797959,"{'Equity': 0.19, 'Debt': 0.66, 'Gold': 0.15}","{'Equity': 0.2, 'Debt': 0.65, 'Gold': 0.15}"
WP-1349,Pooja Patel,Moderate,36445892,"{'Equity': 0.53, 'Debt': 0.31, 'Gold': 0.16}","{'Equity': 0.6, 'Debt': 0.3, 'Gold': 0.1}"
WP-1350,Amit Yadav,Moderately Conservative,5384473,"{'Equity': 0.35, 'Debt': 0.46, 'Gold': 0.18}","{'Equity': 0.4, 'Debt': 0.45, 'Gold': 0.15}"
WP-1351,Rohan Mishra,Moderately Conservative,14518309,"{'Equity': 0.41, 'Debt': 0.42, 'Gold': 0.17}","{'Equity': 0.4, 'Debt': 0.45, 'Gold': 0.15}"
WP-1352,Rohan Gupta,Moderate,8372956,"{'Equity': 0.58, 'Debt': 0.37, 'Gold': 0.05}","{'Equity': 0.6, 'Debt': 0.3, 'Gold': 0.1}"
WP-1353,Meera Sahoo,Moderately Aggressive,16561228,"{'Equity': 0.73, 'Debt': 0.16, 'Gold': 0.12}","{'Equity': 0.75, 'Debt': 0.15, 'Gold': 0.1}"
WP-1354,Pooja Reddy,Aggressive,18053103,"{'Equity': 0.94, 'Debt': 0.02, 'Gold': 0.04}","{'Equity': 0.9, 'Debt': 0.05, 'Gold': 0.05}"
WP-1355,Suresh Jain,Moderate,21990491,"{'Equity': 0.64, 'Debt': 0.32, 'Gold': 0.04}","{'Equity': 0.6, 'Debt': 0.3, 'Gold': 0.1}"
WP-1356,Ananya Gupta,Moderately Conservative,10292707,"{'Equity': 0.39, 'Debt': 0.45, 'Gold': 0.16}","{'Equity': 0.4, 'Debt': 0.45, 'Gold': 0.15}"
WP-1357,Arjun Reddy,Conservative,10728156,"{'Equity': 0.15, 'Debt': 0.69, 'Gold': 0.15}","{'Equity': 0.2, 'Debt': 0.65, 'Gold': 0.15}"
WP-1358,Suresh Nair,Moderately Conservative,44429996,"{'Equity': 0.37, 'Debt': 0.43, 'Gold': 0.2}","{'Equity': 0.4, 'Debt': 0.45, 'Gold': 0.15}"
WP-1359,Suresh Mishra,Moderate,11789968,"{'Equity': 0.52, 'Debt': 0.32, 'Gold': 0.16}","{'Equity': 0.6, 'Debt': 0.3, 'Gold': 0.1}"
WP-1360,Divya Kapoor,Moderate,4441441,"{'Equity': 0.56, 'Debt': 0.34, 'Gold': 0.1}","{'Equity': 0.6, 'Debt': 0.3, 'Gold': 0.1}"
WP-1361,Amit Jain,Aggressive,928411,"{'Equity': 0.78, 'Debt': 0.1, 'Gold': 0.11}","{'Equity': 0.9, 'Debt': 0.05, 'Gold': 0.05}"
WP-1362,Sneha Sharma,Moderately Aggressive,15178028,"{'Equity': 0.78, 'Debt': 0.19, 'Gold': 0.03}","{'Equity': 0.75, 'Debt': 0.15, 'Gold': 0.1}"
WP-1363,Ritu Sahoo,Aggressive,32927281,"{'Equity': 0.95, 'Debt': -0.02, 'Gold': 0.07}","{'Equity': 0.9, 'Debt': 0.05, 'Gold': 0.05}"
WP-1364,Rahul Nair,Moderately Aggressive,48965533,"{'Equity': 0.73, 'Debt': 0.17, 'Gold': 0.1}","{'Equity': 0.75, 'Debt': 0.15, 'Gold': 0.1}"
WP-1365,Arjun Jain,Moderate,12530394,"{'Equity': 0.62, 'Debt': 0.28, 'Gold': 0.1}","{'Equity': 0.6, 'Debt': 0.3, 'Gold': 0.1}"
WP-1366,Ritu Nair,Conservative,17439498,"{'Equity': 0.26, 'Debt': 0.63, 'Gold': 0.11}","{'Equity': 0.2, 'Debt': 0.65, 'Gold': 0.15}"
WP-1367,Meera Mishra,Moderate,38416654,"{'Equity': 0.61, 'Debt': 0.3, 'Gold': 0.09}","{'Equity': 0.6, 'Debt': 0.3, 'Gold': 0.1}"
WP-1368,Neha Kapoor,Moderately Conservative,44113678,"{'Equity': 0.45, 'Debt': 0.38, 'Gold': 0.17}","{'Equity': 0.4, 'Debt': 0.45, 'Gold': 0.15}"
WP-1369,Amit Kapoor,Conservative,1134190,"{'Equity': 0.14, 'Debt': 0.68, 'Gold': 0.17}","{'Equity': 0.2, 'Debt': 0.65, 'Gold': 0.15}"
WP-1370,Rakesh Joshi,Moderately Conservative,6899624,"{'Equity': 0.33, 'Debt': 0.5, 'Gold': 0.17}","{'Equity': 0.4, 'Debt': 0.45, 'Gold': 0.15}"
WP-1371,Ayesha Mishra,Aggressive,18692881,"{'Equity': 0.89, 'Debt': 0.01, 'Gold': 0.1}","{'Equity': 0.9, 'Debt': 0.05, 'Gold': 0.05}"
WP-1372,Divya Joshi,Conservative,44664963,"{'Equity': 0.25, 'Debt': 0.64, 'Gold': 0.1}","{'Equity': 0.2, 'Debt': 0.65, 'Gold': 0.15}"
WP-1373,Rohan Joshi,Conservative,10176531,"{'Equity': 0.16, 'Debt': 0.76, 'Gold': 0.08}","{'Equity': 0.2, 'Debt': 0.65, 'Gold': 0.15}"
WP-1374,Ayesha Yadav,Moderately Aggressive,26615857,"{'Equity': 0.78, 'Debt': 0.11, 'Gold': 0.1}","{'Equity': 0.75, 'Debt': 0.15, 'Gold': 0.1}"
WP-1375,Neha Nair,Aggressive,23710238,"{'Equity': 0.92, 'Debt': 0.09, 'Gold': -0.01}","{'Equity': 0.9, 'Debt': 0.05, 'Gold': 0.05}"
WP-1376,Ritu Jain,Conservative,41695798,"{'Equity': 0.17, 'Debt': 0.73, 'Gold': 0.1}","{'Equity': 0.2, 'Debt': 0.65, 'Gold': 0.15}"
WP-1377,Priya Jain,Aggressive,30735911,"{'Equity': 0.94, 'Debt': 0.1, 'Gold': -0.03}","{'Equity': 0.9, 'Debt': 0.05, 'Gold': 0.05}"
WP-1378,Vikram Kapoor,Moderately Aggressive,39817413,"{'Equity': 0.75, 'Debt': 0.17, 'Gold': 0.08}","{'Equity': 0.75, 'Debt': 0.15, 'Gold': 0.1}"
WP-1379,Neha Patel,Moderately Aggressive,18483298,"{'Equity': 0.68, 'Debt': 0.17, 'Gold': 0.15}","{'Equity': 0.75, 'Debt': 0.15, 'Gold': 0.1}"
WP-1380,Meera Pradhan,Moderately Conservative,24706182,"{'Equity': 0.39, 'Debt': 0.52, 'Gold': 0.09}","{'Equity': 0.4, 'Debt': 0.45, 'Gold': 0.15}"
WP-1381,Priya Patel,Conservative,9392394,"{'Equity': 0.13, 'Debt': 0.73, 'Gold': 0.14}","{'Equity': 0.2, 'Debt': 0.65, 'Gold': 0.15}"
WP-1382,Arjun Patel,Conservative,2262406,"{'Equity': 0.16, 'Debt': 0.67, 'Gold': 0.17}","{'Equity': 0.2, 'Debt': 0.65, 'Gold': 0.15}"
WP-1383,Rakesh Yadav,Conservative,26352879,"{'Equity': 0.19, 'Debt': 0.62, 'Gold': 0.18}","{'Equity': 0.2, 'Debt': 0.65, 'Gold': 0.15}"
WP-1384,Divya Sahoo,Conservative,16790174,"{'Equity': 0.19, 'Debt': 0.72, 'Gold': 0.09}","{'Equity': 0.2, 'Debt': 0.65, 'Gold': 0.15}"
WP-1385,Priya Reddy,Aggressive,18512475,"{'Equity': 0.92, 'Debt': 0.08, 'Gold': -0.0}","{'Equity': 0.9, 'Debt': 0.05, 'Gold': 0.05}"
WP-1386,Karan Mishra,Moderately Aggressive,5662105,"{'Equity': 0.81, 'Debt': 0.12, 'Gold': 0.07}","{'Equity': 0.75, 'Debt': 0.15, 'Gold': 0.1}"
WP-1387,Ritu Joshi,Moderate,13623019,"{'Equity': 0.6, 'Debt': 0.28, 'Gold': 0.13}","{'Equity': 0.6, 'Debt': 0.3, 'Gold': 0.1}"
WP-1388,Rakesh Yadav,Moderately Aggressive,42120393,"{'Equity': 0.7, 'Debt': 0.12, 'Gold': 0.17}","{'Equity': 0.75, 'Debt': 0.15, 'Gold': 0.1}"
WP-1389,Ritu Singh,Moderately Aggressive,20661870,"{'Equity': 0.81, 'Debt': 0.12, 'Gold': 0.07}","{'Equity': 0.75, 'Debt': 0.15, 'Gold': 0.1}"
WP-1390,Vikram Das,Moderate,21916966,"{'Equity': 0.59, 'Debt': 0.31, 'Gold': 0.1}","{'Equity': 0.6, 'Debt': 0.3, 'Gold': 0.1}"
WP-1391,Ananya Pradhan,Moderate,25736644,"{'Equity': 0.57, 'Debt': 0.28, 'Gold': 0.15}","{'Equity': 0.6, 'Debt': 0.3, 'Gold': 0.1}"
WP-1392,Ayesha Verma,Moderate,40243683,"{'Equity': 0.67, 'Debt': 0.29, 'Gold': 0.04}","{'Equity': 0.6, 'Debt': 0.3, 'Gold': 0.1}"
WP-1393,Nikhil Gupta,Aggressive,14569265,"{'Equity': 0.93, 'Debt': 0.1, 'Gold': -0.03}","{'Equity': 0.9, 'Debt': 0.05, 'Gold': 0.05}"
WP-1394,Arjun Kapoor,Moderately Aggressive,34007671,"{'Equity': 0.78, 'Debt': 0.19, 'Gold': 0.03}","{'Equity': 0.75, 'Debt': 0.15, 'Gold': 0.1}"
WP-1395,Arjun Jain,Moderately Conservative,25799425,"{'Equity': 0.42, 'Debt': 0.41, 'Gold': 0.18}","{'Equity': 0.4, 'Debt': 0.45, 'Gold': 0.15}"
WP-1396,Divya Nair,Conservative,46919796,"{'Equity': 0.19, 'Debt': 0.66, 'Gold': 0.16}","{'Equity': 0.2, 'Debt': 0.65, 'Gold': 0.15}"
WP-1397,Divya Joshi,Moderately Aggressive,43327559,"{'Equity': 0.73, 'Debt': 0.19, 'Gold': 0.08}","{'Equity': 0.75, 'Debt': 0.15, 'Gold': 0.1}"
WP-1398,Vikram Kapoor,Conservative,41616118,"{'Equity': 0.15, 'Debt': 0.66, 'Gold': 0.19}","{'Equity': 0.2, 'Debt': 0.65, 'Gold': 0.15}"
WP-1399,Rakesh Jain,Conservative,29387382,"{'Equity': 0.2, 'Debt': 0.64, 'Gold': 0.16}","{'Equity': 0.2, 'Debt': 0.65, 'Gold': 0.15}"
WP-1400,Ankit Nair,Conservative,39457923,"{'Equity': 0.14, 'Debt': 0.69, 'Gold': 0.17}","{'Equity': 0.2, 'Debt': 0.65, 'Gold': 0.15}"
WP-1401,Ayesha Gupta,Aggressive,34085690,"{'Equity': 0.92, 'Debt': 0.03, 'Gold': 0.04}","{'Equity': 0.9, 'Debt': 0.05, 'Gold': 0.05}"
WP-1402,Arjun Sahoo,Moderately Conservative,6261618,"{'Equity': 0.45, 'Debt': 0.44, 'Gold': 0.11}","{'Equity': 0.4, 'Debt': 0.45, 'Gold': 0.15}"
WP-1403,Rakesh Mishra,Conservative,14382631,"{'Equity': 0.23, 'Debt': 0.64, 'Gold': 0.12}","{'Equity': 0.2, 'Debt': 0.65, 'Gold': 0.15}"
WP-1404,Nikhil Pradhan,Aggressive,5007993,"{'Equity': 0.91, 'Debt': 0.05, 'Gold': 0.04}","{'Equity': 0.9, 'Debt': 0.05, 'Gold': 0.05}"
WP-1405,Rakesh Kapoor,Moderate,7839205,"{'Equity': 0.6, 'Debt': 0.38, 'Gold': 0.02}","{'Equity': 0.6, 'Debt': 0.3, 'Gold': 0.1}"
WP-1406,Divya Singh,Moderately Conservative,22712339,"{'Equity': 0.42, 'Debt': 0.44, 'Gold': 0.14}","{'Equity': 0.4, 'Debt': 0.45, 'Gold': 0.15}"
WP-1407,Vikram Singh,Aggressive,43481809,"{'Equity': 0.86, 'Debt': 0.04, 'Gold': 0.1}","{'Equity': 0.9, 'Debt': 0.05, 'Gold': 0.05}"
WP-1408,Nikhil Joshi,Moderately Aggressive,29326803,"{'Equity': 0.68, 'Debt': 0.18, 'Gold': 0.15}","{'Equity': 0.75, 'Debt': 0.15, 'Gold': 0.1}"
WP-1409,Neha Joshi,Moderately Aggressive,7328464,"{'Equity': 0.81, 'Debt': 0.12, 'Gold': 0.07}","{'Equity': 0.75, 'Debt': 0.15, 'Gold': 0.1}"
WP-1410,Priya Kapoor,Aggressive,33348713,"{'Equity': 0.93, 'Debt': 0.02, 'Gold': 0.04}","{'Equity': 0.9, 'Debt': 0.05, 'Gold': 0.05}"
WP-1411,Meera Joshi,Aggressive,8165984,"{'Equity': 0.95, 'Debt': 0.02, 'Gold': 0.03}","{'Equity': 0.9, 'Debt': 0.05, 'Gold': 0.05}"
WP-1412,Karan Sahoo,Moderate,41737357,"{'Equity': 0.63, 'Debt': 0.32, 'Gold': 0.05}","{'Equity': 0.6, 'Debt': 0.3, 'Gold': 0.1}"
WP-1413,Karan Patel,Aggressive,12783909,"{'Equity': 1.02, 'Debt': -0.01, 'Gold': -0.01}","{'Equity': 0.9, 'Debt': 0.05, 'Gold': 0.05}"
WP-1414,Sneha Joshi,Moderate,26250339,"{'Equity': 0.62, 'Debt': 0.29, 'Gold': 0.09}","{'Equity': 0.6, 'Debt': 0.3, 'Gold': 0.1}"
WP-1415,Vikram Nair,Moderately Aggressive,11698155,"{'Equity': 0.7, 'Debt': 0.17, 'Gold': 0.13}","{'Equity': 0.75, 'Debt': 0.15, 'Gold': 0.1}"
WP-1416,Ritu Sharma,Moderately Aggressive,24594710,"{'Equity': 0.74, 'Debt': 0.1, 'Gold': 0.15}","{'Equity': 0.75, 'Debt': 0.15, 'Gold': 0.1}"
WP-1417,Divya Nair,Conservative,44326769,"{'Equity': 0.22, 'Debt': 0.65, 'Gold': 0.14}","{'Equity': 0.2, 'Debt': 0.65, 'Gold': 0.15}"
WP-1418,Nikhil Mishra,Moderately Aggressive,11724191,"{'Equity': 0.73, 'Debt': 0.15, 'Gold': 0.13}","{'Equity': 0.75, 'Debt': 0.15, 'Gold': 0.1}"
WP-1419,Amit Reddy,Conservative,15588986,"{'Equity': 0.21, 'Debt': 0.69, 'Gold': 0.11}","{'Equity': 0.2, 'Debt': 0.65, 'Gold': 0.15}"
WP-1420,Suresh Nair,Aggressive,34779609,"{'Equity': 0.85, 'Debt': 0.09, 'Gold': 0.06}","{'Equity': 0.9, 'Debt': 0.05, 'Gold': 0.05}"
WP-1421,Pooja Nair,Conservative,3292434,"{'Equity': 0.21, 'Debt': 0.62, 'Gold': 0.16}","{'Equity': 0.2, 'Debt': 0.65, 'Gold': 0.15}"
WP-1422,Ananya Reddy,Moderately Aggressive,2662945,"{'Equity': 0.74, 'Debt': 0.22, 'Gold': 0.04}","{'Equity': 0.75, 'Debt': 0.15, 'Gold': 0.1}"
WP-1423,Riya Jain,Moderately Aggressive,16401180,"{'Equity': 0.75, 'Debt': 0.22, 'Gold': 0.03}","{'Equity': 0.75, 'Debt': 0.15, 'Gold': 0.1}"
WP-1424,Ritu Kapoor,Moderately Conservative,29233805,"{'Equity': 0.43, 'Debt': 0.44, 'Gold': 0.12}","{'Equity': 0.4, 'Debt': 0.45, 'Gold': 0.15}"
WP-1425,Amit Joshi,Moderately Conservative,24042828,"{'Equity': 0.37, 'Debt': 0.45, 'Gold': 0.18}","{'Equity': 0.4, 'Debt': 0.45, 'Gold': 0.15}"
WP-1426,Karan Reddy,Aggressive,38935634,"{'Equity': 0.91, 'Debt': 0.06, 'Gold': 0.02}","{'Equity': 0.9, 'Debt': 0.05, 'Gold': 0.05}"
WP-1427,Riya Singh,Moderate,28121754,"{'Equity': 0.59, 'Debt': 0.27, 'Gold': 0.14}","{'Equity': 0.6, 'Debt': 0.3, 'Gold': 0.1}"
WP-1428,Sneha Verma,Conservative,10314231,"{'Equity': 0.26, 'Debt': 0.66, 'Gold': 0.08}","{'Equity': 0.2, 'Debt': 0.65, 'Gold': 0.15}"
WP-1429,Suresh Singh,Moderate,39250371,"{'Equity': 0.58, 'Debt': 0.3, 'Gold': 0.12}","{'Equity': 0.6, 'Debt': 0.3, 'Gold': 0.1}"
WP-1430,Neha Das,Moderate,35102234,"{'Equity': 0.67, 'Debt': 0.3, 'Gold': 0.03}","{'Equity': 0.6, 'Debt': 0.3, 'Gold': 0.1}"
WP-1431,Suresh Pradhan,Moderate,39554375,"{'Equity': 0.58, 'Debt': 0.33, 'Gold': 0.08}","{'Equity': 0.6, 'Debt': 0.3, 'Gold': 0.1}"
WP-1432,Nikhil Kapoor,Conservative,45069937,"{'Equity': 0.25, 'Debt': 0.68, 'Gold': 0.08}","{'Equity': 0.2, 'Debt': 0.65, 'Gold': 0.15}"
WP-1433,Arjun Yadav,Moderate,14717111,"{'Equity': 0.61, 'Debt': 0.32, 'Gold': 0.07}","{'Equity': 0.6, 'Debt': 0.3, 'Gold': 0.1}"
WP-1434,Ayesha Singh,Moderately Aggressive,38493153,"{'Equity': 0.72, 'Debt': 0.2, 'Gold': 0.07}","{'Equity': 0.75, 'Debt': 0.15, 'Gold': 0.1}"
WP-1435,Amit Patel,Moderately Aggressive,42522196,"{'Equity': 0.7, 'Debt': 0.18, 'Gold': 0.12}","{'Equity': 0.75, 'Debt': 0.15, 'Gold': 0.1}"
WP-1436,Nikhil Sharma,Moderately Aggressive,29209125,"{'Equity': 0.71, 'Debt': 0.23, 'Gold': 0.05}","{'Equity': 0.75, 'Debt': 0.15, 'Gold': 0.1}"
WP-1437,Karan Singh,Moderately Conservative,18889134,"{'Equity': 0.4, 'Debt': 0.43, 'Gold': 0.17}","{'Equity': 0.4, 'Debt': 0.45, 'Gold': 0.15}"
WP-1438,Vikram Sharma,Conservative,27098032,"{'Equity': 0.23, 'Debt': 0.64, 'Gold': 0.14}","{'Equity': 0.2, 'Debt': 0.65, 'Gold': 0.15}"
WP-1439,Neha Gupta,Moderate,6887668,"{'Equity': 0.6, 'Debt': 0.32, 'Gold': 0.08}","{'Equity': 0.6, 'Debt': 0.3, 'Gold': 0.1}"
WP-1440,Ankit Kapoor,Conservative,30367932,"{'Equity': 0.17, 'Debt': 0.65, 'Gold': 0.18}","{'Equity': 0.2, 'Debt': 0.65, 'Gold': 0.15}"
WP-1441,Arjun Gupta,Conservative,9370124,"{'Equity': 0.14, 'Debt': 0.75, 'Gold': 0.11}","{'Equity': 0.2, 'Debt': 0.65, 'Gold': 0.15}"
WP-1442,Riya Patel,Moderately Aggressive,21528661,"{'Equity': 0.72, 'Debt': 0.14, 'Gold': 0.15}","{'Equity': 0.75, 'Debt': 0.15, 'Gold': 0.1}"
WP-1443,Sneha Kapoor,Moderate,45941900,"{'Equity': 0.63, 'Debt': 0.23, 'Gold': 0.13}","{'Equity': 0.6, 'Debt': 0.3, 'Gold': 0.1}"
WP-1444,Vikram Mishra,Moderately Conservative,24067808,"{'Equity': 0.34, 'Debt': 0.48, 'Gold': 0.18}","{'Equity': 0.4, 'Debt': 0.45, 'Gold': 0.15}"
WP-1445,Nikhil Yadav,Moderately Conservative,15079043,"{'Equity': 0.44, 'Debt': 0.41, 'Gold': 0.15}","{'Equity': 0.4, 'Debt': 0.45, 'Gold': 0.15}"
WP-1446,Meera Pradhan,Conservative,29315790,"{'Equity': 0.28, 'Debt': 0.63, 'Gold': 0.1}","{'Equity': 0.2, 'Debt': 0.65, 'Gold': 0.15}"
WP-1447,Ananya Nair,Moderate,40832364,"{'Equity': 0.63, 'Debt': 0.25, 'Gold': 0.12}","{'Equity': 0.6, 'Debt': 0.3, 'Gold': 0.1}"
WP-1448,Rahul Yadav,Aggressive,44684836,"{'Equity': 0.87, 'Debt': 0.02, 'Gold': 0.11}","{'Equity': 0.9, 'Debt': 0.05, 'Gold': 0.05}"
WP-1449,Meera Reddy,Moderate,43863719,"{'Equity': 0.6, 'Debt': 0.35, 'Gold': 0.05}","{'Equity': 0.6, 'Debt': 0.3, 'Gold': 0.1}"
WP-1450,Meera Patel,Conservative,16678722,"{'Equity': 0.24, 'Debt': 0.66, 'Gold': 0.1}","{'Equity': 0.2, 'Debt': 0.65, 'Gold': 0.15}"
WP-1451,Rahul Pradhan,Moderately Aggressive,21738120,"{'Equity': 0.76, 'Debt': 0.08, 'Gold': 0.16}","{'Equity': 0.75, 'Debt': 0.15, 'Gold': 0.1}"
WP-1452,Divya Kapoor,Moderately Conservative,12094419,"{'Equity': 0.37, 'Debt': 0.49, 'Gold': 0.14}","{'Equity': 0.4, 'Debt': 0.45, 'Gold': 0.15}"
WP-1453,Neha Sharma,Moderately Aggressive,18094956,"{'Equity': 0.8, 'Debt': 0.18, 'Gold': 0.02}","{'Equity': 0.75, 'Debt': 0.15, 'Gold': 0.1}"
WP-1454,Ankit Reddy,Moderately Conservative,42682665,"{'Equity': 0.36, 'Debt': 0.42, 'Gold': 0.22}","{'Equity': 0.4, 'Debt': 0.45, 'Gold': 0.15}"
WP-1455,Divya Nair,Aggressive,41842218,"{'Equity': 0.93, 'Debt': 0.04, 'Gold': 0.03}","{'Equity': 0.9, 'Debt': 0.05, 'Gold': 0.05}"
WP-1456,Rohan Jain,Moderately Conservative,10927182,"{'Equity': 0.39, 'Debt': 0.45, 'Gold': 0.16}","{'Equity': 0.4, 'Debt': 0.45, 'Gold': 0.15}"
WP-1457,Neha Reddy,Aggressive,47387344,"{'Equity': 0.85, 'Debt': 0.06, 'Gold': 0.09}","{'Equity': 0.9, 'Debt': 0.05, 'Gold': 0.05}"
WP-1458,Neha Sahoo,Moderately Aggressive,29657700,"{'Equity': 0.77, 'Debt': 0.2, 'Gold': 0.03}","{'Equity': 0.75, 'Debt': 0.15, 'Gold': 0.1}"
WP-1459,Vikram Patel,Conservative,1349931,"{'Equity': 0.19, 'Debt': 0.68, 'Gold': 0.12}","{'Equity': 0.2, 'Debt': 0.65, 'Gold': 0.15}"
WP-1460,Ankit Nair,Moderately Conservative,48869755,"{'Equity': 0.41, 'Debt': 0.38, 'Gold': 0.21}","{'Equity': 0.4, 'Debt': 0.45, 'Gold': 0.15}"
WP-1461,Priya Gupta,Moderate,8422652,"{'Equity': 0.59, 'Debt': 0.26, 'Gold': 0.15}","{'Equity': 0.6, 'Debt': 0.3, 'Gold': 0.1}"
WP-1462,Priya Gupta,Conservative,39198438,"{'Equity': 0.18, 'Debt': 0.67, 'Gold': 0.16}","{'Equity': 0.2, 'Debt': 0.65, 'Gold': 0.15}"
WP-1463,Ayesha Singh,Conservative,25175109,"{'Equity': 0.22, 'Debt': 0.7, 'Gold': 0.09}","{'Equity': 0.2, 'Debt': 0.65, 'Gold': 0.15}"
WP-1464,Riya Verma,Moderately Conservative,34646660,"{'Equity': 0.4, 'Debt': 0.43, 'Gold': 0.18}","{'Equity': 0.4, 'Debt': 0.45, 'Gold': 0.15}"
WP-1465,Suresh Pradhan,Conservative,26201317,"{'Equity': 0.14, 'Debt': 0.75, 'Gold': 0.12}","{'Equity': 0.2, 'Debt': 0.65, 'Gold': 0.15}"
WP-1466,Arjun Verma,Moderately Conservative,22095767,"{'Equity': 0.37, 'Debt': 0.55, 'Gold': 0.08}","{'Equity': 0.4, 'Debt': 0.45, 'Gold': 0.15}"
WP-1467,Neha Joshi,Moderately Conservative,25518732,"{'Equity': 0.39, 'Debt': 0.49, 'Gold': 0.11}","{'Equity': 0.4, 'Debt': 0.45, 'Gold': 0.15}"
WP-1468,Ankit Sharma,Conservative,27405611,"{'Equity': 0.2, 'Debt': 0.7, 'Gold': 0.1}","{'Equity': 0.2, 'Debt': 0.65, 'Gold': 0.15}"
WP-1469,Karan Pradhan,Conservative,6297234,"{'Equity': 0.22, 'Debt': 0.61, 'Gold': 0.16}","{'Equity': 0.2, 'Debt': 0.65, 'Gold': 0.15}"
WP-1470,Karan Gupta,Aggressive,42289865,"{'Equity': 0.95, 'Debt': 0.03, 'Gold': 0.02}","{'Equity': 0.9, 'Debt': 0.05, 'Gold': 0.05}"
WP-1471,Rohan Gupta,Moderately Conservative,37178969,"{'Equity': 0.39, 'Debt': 0.46, 'Gold': 0.15}","{'Equity': 0.4, 'Debt': 0.45, 'Gold': 0.15}"
WP-1472,Divya Pradhan,Moderately Conservative,43177334,"{'Equity': 0.37, 'Debt': 0.56, 'Gold': 0.08}","{'Equity': 0.4, 'Debt': 0.45, 'Gold': 0.15}"
WP-1473,Karan Patel,Conservative,14270361,"{'Equity': 0.26, 'Debt': 0.56, 'Gold': 0.18}","{'Equity': 0.2, 'Debt': 0.65, 'Gold': 0.15}"
WP-1474,Sneha Gupta,Aggressive,19278756,"{'Equity': 0.86, 'Debt': 0.04, 'Gold': 0.11}","{'Equity': 0.9, 'Debt': 0.05, 'Gold': 0.05}"
WP-1475,Arjun Gupta,Conservative,25497513,"{'Equity': 0.14, 'Debt': 0.64, 'Gold': 0.22}","{'Equity': 0.2, 'Debt': 0.65, 'Gold': 0.15}"
WP-1476,Sneha Kapoor,Moderately Aggressive,26964467,"{'Equity': 0.87, 'Debt': 0.08, 'Gold': 0.04}","{'Equity': 0.75, 'Debt': 0.15, 'Gold': 0.1}"
WP-1477,Sneha Verma,Conservative,20074046,"{'Equity': 0.22, 'Debt': 0.6, 'Gold': 0.19}","{'Equity': 0.2, 'Debt': 0.65, 'Gold': 0.15}"
WP-1478,Rakesh Pradhan,Moderate,30884065,"{'Equity': 0.59, 'Debt': 0.33, 'Gold': 0.07}","{'Equity': 0.6, 'Debt': 0.3, 'Gold': 0.1}"
WP-1479,Ayesha Patel,Moderate,10929425,"{'Equity': 0.58, 'Debt': 0.38, 'Gold': 0.04}","{'Equity': 0.6, 'Debt': 0.3, 'Gold': 0.1}"
WP-1480,Divya Pradhan,Conservative,14434231,"{'Equity': 0.16, 'Debt': 0.69, 'Gold': 0.15}","{'Equity': 0.2, 'Debt': 0.65, 'Gold': 0.15}"
WP-1481,Vikram Jain,Moderately Aggressive,46540361,"{'Equity': 0.83, 'Debt': 0.13, 'Gold': 0.05}","{'Equity': 0.75, 'Debt': 0.15, 'Gold': 0.1}"
WP-1482,Rakesh Singh,Moderate,6621194,"{'Equity': 0.64, 'Debt': 0.33, 'Gold': 0.03}","{'Equity': 0.6, 'Debt': 0.3, 'Gold': 0.1}"
WP-1483,Karan Reddy,Moderately Conservative,12168066,"{'Equity': 0.48, 'Debt': 0.44, 'Gold': 0.08}","{'Equity': 0.4, 'Debt': 0.45, 'Gold': 0.15}"
WP-1484,Divya Verma,Conservative,6856905,"{'Equity': 0.24, 'Debt': 0.62, 'Gold': 0.14}","{'Equity': 0.2, 'Debt': 0.65, 'Gold': 0.15}"
WP-1485,Amit Yadav,Moderately Aggressive,15417504,"{'Equity': 0.74, 'Debt': 0.22, 'Gold': 0.04}","{'Equity': 0.75, 'Debt': 0.15, 'Gold': 0.1}"
WP-1486,Neha Joshi,Moderately Conservative,39833763,"{'Equity': 0.36, 'Debt': 0.45, 'Gold': 0.19}","{'Equity': 0.4, 'Debt': 0.45, 'Gold': 0.15}"
WP-1487,Rohan Sahoo,Moderate,43851446,"{'Equity': 0.62, 'Debt': 0.21, 'Gold': 0.17}","{'Equity': 0.6, 'Debt': 0.3, 'Gold': 0.1}"
WP-1488,Rakesh Patel,Moderately Aggressive,3365301,"{'Equity': 0.77, 'Debt': 0.08, 'Gold': 0.15}","{'Equity': 0.75, 'Debt': 0.15, 'Gold': 0.1}"
WP-1489,Meera Mishra,Moderately Aggressive,2478523,"{'Equity': 0.69, 'Debt': 0.22, 'Gold': 0.09}","{'Equity': 0.75, 'Debt': 0.15, 'Gold': 0.1}"
WP-1490,Vikram Reddy,Moderately Aggressive,19280721,"{'Equity': 0.84, 'Debt': 0.11, 'Gold': 0.05}","{'Equity': 0.75, 'Debt': 0.15, 'Gold': 0.1}"
WP-1491,Ananya Kapoor,Moderately Aggressive,20304172,"{'Equity': 0.8, 'Debt': 0.08, 'Gold': 0.12}","{'Equity': 0.75, 'Debt': 0.15, 'Gold': 0.1}"
WP-1492,Priya Das,Moderately Aggressive,9709753,"{'Equity': 0.8, 'Debt': 0.17, 'Gold': 0.03}","{'Equity': 0.75, 'Debt': 0.15, 'Gold': 0.1}"
WP-1493,Divya Jain,Moderately Aggressive,1810634,"{'Equity': 0.69, 'Debt': 0.21, 'Gold': 0.1}","{'Equity': 0.75, 'Debt': 0.15, 'Gold': 0.1}"
WP-1494,Suresh Pradhan,Moderately Aggressive,38460203,"{'Equity': 0.77, 'Debt': 0.12, 'Gold': 0.11}","{'Equity': 0.75, 'Debt': 0.15, 'Gold': 0.1}"
WP-1495,Ritu Verma,Aggressive,2466521,"{'Equity': 1.02, 'Debt': 0.01, 'Gold': -0.04}","{'Equity': 0.9, 'Debt': 0.05, 'Gold': 0.05}"
WP-1496,Ayesha Verma,Moderate,11212239,"{'Equity': 0.52, 'Debt': 0.38, 'Gold': 0.1}","{'Equity': 0.6, 'Debt': 0.3, 'Gold': 0.1}"
WP-1497,Amit Jain,Conservative,15224462,"{'Equity': 0.17, 'Debt': 0.66, 'Gold': 0.17}","{'Equity': 0.2, 'Debt': 0.65, 'Gold': 0.15}"
WP-1498,Vikram Singh,Aggressive,16374677,"{'Equity': 0.88, 'Debt': 0.09, 'Gold': 0.03}","{'Equity': 0.9, 'Debt': 0.05, 'Gold': 0.05}"
WP-1499,Ayesha Sharma,Aggressive,47707923,"{'Equity': 0.88, 'Debt': 0.09, 'Gold': 0.03}","{'Equity': 0.9, 'Debt': 0.05, 'Gold': 0.05}"
WP-1500,Rohan Yadav,Moderate,33532776,"{'Equity': 0.61, 'Debt': 0.28, 'Gold': 0.1}","{'Equity': 0.6, 'Debt': 0.3, 'Gold': 0.1}"
